交易日期,契約,到期月份(週別),履約價,買賣權,開盤價,最高價,最低價,收盤價,成交量,結算價,未沖銷契約數,最後最佳買價,最後最佳賣價,歷史最高價,歷史最低價,是否因訊息面暫停交易,交易時段
2021/3/25,TXO,202103W5,14400,買權,-,-,-,-,0,1660,0,-,-,-,-,,一般
2021/3/25,TXO,202103W5,14400,賣權,1.1,1.1,0.4,0.4,425,0.4,258,0.3,1,1.1,0.4,,一般
2021/3/25,TXO,202103W5,14500,買權,-,-,-,-,0,1560,0,-,-,-,-,,一般
2021/3/25,TXO,202103W5,14500,買權,-,-,-,-,0,-,-,-,-,-,-,,盤後
2021/3/25,TXO,202103W5,14500,賣權,1,1.1,0.5,0.7,221,0.7,799,0.4,0.8,2.2,0.5,,一般
2021/3/25,TXO,202103W5,14500,賣權,1.6,1.8,1.1,1.8,538,-,-,1.1,1.8,2.2,1.1,,盤後
2021/3/25,TXO,202103W5,14600,買權,-,-,-,-,0,1460,0,-,-,-,-,,一般
2021/3/25,TXO,202103W5,14600,買權,-,-,-,-,0,-,-,-,-,-,-,,盤後
2021/3/25,TXO,202103W5,14600,賣權,1.1,1.4,0.6,0.7,21,0.7,385,0.1,0.9,2.7,0.6,,一般
2021/3/25,TXO,202103W5,14600,賣權,1.8,2,1.4,1.6,321,-,-,1.3,1.7,2.7,1.1,,盤後
2021/3/25,TXO,202103W5,14700,買權,-,-,-,-,0,1360,0,-,-,-,-,,一般
2021/3/25,TXO,202103W5,14700,買權,-,-,-,-,0,-,-,-,-,-,-,,盤後
2021/3/25,TXO,202103W5,14700,賣權,2,2,0.8,1,177,1,500,0.1,1.1,3.1,0.8,,一般
2021/3/25,TXO,202103W5,14700,賣權,2.5,2.5,1.3,1.8,861,-,-,1.4,1.8,3.1,1.3,,盤後
2021/3/25,TXO,202103W5,14800,買權,-,-,-,-,0,1260,0,-,-,-,-,,一般
2021/3/25,TXO,202103W5,14800,買權,-,-,-,-,0,-,-,-,-,-,-,,盤後
2021/3/25,TXO,202103W5,14800,賣權,2.5,2.5,1,1.3,390,1.3,1765,0.3,1.4,3.2,1,,一般
2021/3/25,TXO,202103W5,14800,賣權,3,3,1.7,2.3,339,-,-,2,2.3,3.2,1.7,,盤後
2021/3/25,TXO,202103W5,14900,買權,-,-,-,-,0,1160,0,-,-,-,-,,一般
2021/3/25,TXO,202103W5,14900,買權,-,-,-,-,0,-,-,-,-,-,-,,盤後
2021/3/25,TXO,202103W5,14900,賣權,2.5,2.9,1.2,1.7,742,1.7,1170,1,1.8,4,1.2,,一般
2021/3/25,TXO,202103W5,14900,賣權,3.4,3.8,2.1,3.4,286,-,-,2.7,3.6,4,2.1,,盤後
2021/3/25,TXO,202103W5,15000,買權,-,-,-,-,0,1060,0,-,-,-,-,,一般
2021/3/25,TXO,202103W5,15000,買權,-,-,-,-,0,-,-,-,-,-,-,,盤後
2021/3/25,TXO,202103W5,15000,賣權,5,7.9,1.4,2.1,2301,2.1,1768,1.6,3.4,7.9,1.4,,一般
2021/3/25,TXO,202103W5,15000,賣權,4.4,5,2.7,4.6,713,-,-,4,5,5.1,2.7,,盤後
2021/3/25,TXO,202103W5,15100,買權,-,-,-,-,0,960,0,-,-,-,-,,一般
2021/3/25,TXO,202103W5,15100,買權,-,-,-,-,0,-,-,-,-,-,-,,盤後
2021/3/25,TXO,202103W5,15100,賣權,5,5.6,1.9,2.8,3412,2.8,2923,2.3,2.8,6.8,1.9,,一般
2021/3/25,TXO,202103W5,15100,賣權,5.5,6.7,3.8,6.5,392,-,-,6,6.6,6.8,3.1,,盤後
2021/3/25,TXO,202103W5,15200,買權,-,-,-,-,0,860,1,-,-,-,-,,一般
2021/3/25,TXO,202103W5,15200,買權,-,-,-,-,0,-,-,-,-,-,-,,盤後
2021/3/25,TXO,202103W5,15200,賣權,8.7,8.9,2.5,3.7,11885,3.7,5400,3.8,3.9,10,2.5,,一般
2021/3/25,TXO,202103W5,15200,賣權,8,10,4.6,9.9,1047,-,-,9.5,10,10,4.6,,盤後
2021/3/25,TXO,202103W5,15300,買權,-,-,-,-,0,760,1,-,-,-,-,,一般
2021/3/25,TXO,202103W5,15300,買權,730,730,730,730,1,-,-,118,-,730,730,,盤後
2021/3/25,TXO,202103W5,15300,賣權,13.5,14,3.9,5.5,8255,5.5,7644,5.1,5.7,14,3.9,,一般
2021/3/25,TXO,202103W5,15300,賣權,11,14,7,14,2066,-,-,13.5,14,14,6.9,,盤後
2021/3/25,TXO,202103W5,15400,買權,650,650,650,650,1,665,3,464,785,650,620,,一般
2021/3/25,TXO,202103W5,15400,買權,635,635,635,635,1,-,-,387,-,640,620,,盤後
2021/3/25,TXO,202103W5,15400,賣權,20.5,20.5,5.3,8,10507,8,5722,7.7,8,23.5,5.3,,一般
2021/3/25,TXO,202103W5,15400,賣權,16,23.5,11.5,23.5,3679,-,-,22,23.5,23.5,11.5,,盤後
2021/3/25,TXO,202103W5,15500,買權,461,595,461,565,17,565,18,535,585,595,455,,一般
2021/3/25,TXO,202103W5,15500,買權,530,550,455,455,8,-,-,287,715,550,455,,盤後
2021/3/25,TXO,202103W5,15500,賣權,30,31.5,8,11.5,13939,11.5,8062,11.5,12,37,8,,一般
2021/3/25,TXO,202103W5,15500,賣權,21.5,37,16,37,6425,-,-,36,37,37,16,,盤後
2021/3/25,TXO,202103W5,15600,買權,372,492,363,478,41,472,26,471,520,492,363,,一般
2021/3/25,TXO,202103W5,15600,買權,443,483,401,401,17,-,-,252,484,483,401,,盤後
2021/3/25,TXO,202103W5,15600,賣權,45,45,13,17.5,16806,17.5,9181,17.5,20,56,13,,一般
2021/3/25,TXO,202103W5,15600,賣權,34.5,56,25.5,56,6360,-,-,55,56,56,25,,盤後
2021/3/25,TXO,202103W5,15650,買權,330,463,328,458,29,427,6,425,444,463,328,,一般
2021/3/25,TXO,202103W5,15650,賣權,53,54,17,22,8887,22,3557,20.5,22,54,17,,一般
2021/3/25,TXO,202103W5,15700,買權,297,415,287,381,663,381,145,382,399,437,287,,一般
2021/3/25,TXO,202103W5,15700,買權,356,394,338,338,243,-,-,258,405,437,338,,盤後
2021/3/25,TXO,202103W5,15700,賣權,66,69,20.5,28,15690,28,9359,27,27.5,77,20.5,,一般
2021/3/25,TXO,202103W5,15700,賣權,49.5,77,38,77,5847,-,-,77,79,77,30,,盤後
2021/3/25,TXO,202103W5,15750,買權,283,388,250,340,596,340,216,338,435,388,250,,一般
2021/3/25,TXO,202103W5,15750,買權,315,347,283,283,242,-,-,242,429,370,283,,盤後
2021/3/25,TXO,202103W5,15750,賣權,75,79,27,34,10026,34,4827,33.5,34,87,27,,一般
2021/3/25,TXO,202103W5,15750,賣權,59,87,45,87,3486,-,-,84,87,87,43.5,,盤後
2021/3/25,TXO,202103W5,15800,買權,216,349,210,305,1517,297,955,296,308,368,210,,一般
2021/3/25,TXO,202103W5,15800,買權,281,318,211,211,320,-,-,208,238,368,211,,盤後
2021/3/25,TXO,202103W5,15800,賣權,94,94,32,42,16366,42,5249,41.5,42,107,32,,一般
2021/3/25,TXO,202103W5,15800,賣權,68,107,54,104,5042,-,-,104,106,107,41,,盤後
2021/3/25,TXO,202103W5,15850,買權,184,305,178,261,1287,261,242,258,266,305,170,,一般
2021/3/25,TXO,202103W5,15850,買權,242,279,170,184,82,-,-,180,225,295,170,,盤後
2021/3/25,TXO,202103W5,15850,賣權,110,110,41,52,12500,52,3096,51,53,125,41,,一般
2021/3/25,TXO,202103W5,15850,賣權,85,125,64,125,3123,-,-,124,125,125,62,,盤後
2021/3/25,TXO,202103W5,15900,買權,155,268,144,227,3233,223,1006,223,235,274,144,,一般
2021/3/25,TXO,202103W5,15900,買權,206,234,150,151,1764,-,-,150,162,274,150,,盤後
2021/3/25,TXO,202103W5,15900,賣權,129,133,50,63,18468,63,3908,63,65,146,50,,一般
2021/3/25,TXO,202103W5,15900,賣權,95,146,77,146,4522,-,-,143,146,146,63,,盤後
2021/3/25,TXO,202103W5,15950,買權,120,232,117,190,6252,190,1206,190,193,239,113,,一般
2021/3/25,TXO,202103W5,15950,買權,176,208,113,132,1045,-,-,130,132,239,113,,盤後
2021/3/25,TXO,202103W5,15950,賣權,154,154,62,76,11087,76,3100,76,79,171,62,,一般
2021/3/25,TXO,202103W5,15950,賣權,114,171,92,170,4077,-,-,167,175,171,87,,盤後
2021/3/25,TXO,202103W5,16000,買權,95,194,95,159,14955,159,2859,158,160,205,95,,一般
2021/3/25,TXO,202103W5,16000,買權,143,172,105,105,4302,-,-,105,106,205,105,,盤後
2021/3/25,TXO,202103W5,16000,賣權,178,181,77,95,13963,96,3999,94,96,200,77,,一般
2021/3/25,TXO,202103W5,16000,賣權,129,200,104,200,5385,-,-,195,200,200,103,,盤後
2021/3/25,TXO,202103W5,16050,買權,88,161,73,128,15666,128,3545,128,129,175,73,,一般
2021/3/25,TXO,202103W5,16050,買權,120,142,83,84,4470,-,-,82,85,175,83,,盤後
2021/3/25,TXO,202103W5,16050,賣權,210,211,92,116,7286,115,1619,113,115,228,92,,一般
2021/3/25,TXO,202103W5,16050,賣權,155,228,125,228,2360,-,-,228,257,228,121,,盤後
2021/3/25,TXO,202103W5,16100,買權,62,131,56,102,19825,102,4452,102,103,146,56,,一般
2021/3/25,TXO,202103W5,16100,買權,99,115,60,61,6079,-,-,61,62,146,60,,盤後
2021/3/25,TXO,202103W5,16100,賣權,211,240,111,138,6440,139,1189,136,139,255,111,,一般
2021/3/25,TXO,202103W5,16100,賣權,183,255,150,255,2534,-,-,243,260,255,143,,盤後
2021/3/25,TXO,202103W5,16150,買權,47,104,41,79,14805,79,3864,78,79,120,41,,一般
2021/3/25,TXO,202103W5,16150,買權,76,91,42,45,4805,-,-,44,45,120,42,,盤後
2021/3/25,TXO,202103W5,16150,賣權,258,274,134,165,2333,167,452,163,167,285,134,,一般
2021/3/25,TXO,202103W5,16150,賣權,215,285,178,285,727,-,-,266,294,285,169,,盤後
2021/3/25,TXO,202103W5,16200,買權,34.5,80,29,58,22818,58,6254,58,59,97,29,,一般
2021/3/25,TXO,202103W5,16200,買權,58,70,31.5,34,6549,-,-,33,34,97,31.5,,盤後
2021/3/25,TXO,202103W5,16200,賣權,253,311,162,195,1907,196,433,194,196,315,162,,一般
2021/3/25,TXO,202103W5,16200,賣權,245,315,209,315,575,-,-,313,333,315,196,,盤後
2021/3/25,TXO,202103W5,16250,買權,24,61,20,42,14917,42,5691,42,43,76,20,,一般
2021/3/25,TXO,202103W5,16250,買權,42,53,21,22,5081,-,-,21,22,76,21,,盤後
2021/3/25,TXO,202103W5,16250,賣權,336,354,197,230,488,237,132,225,238,354,197,,一般
2021/3/25,TXO,202103W5,16250,賣權,288,351,239,351,166,-,-,340,374,351,232,,盤後
2021/3/25,TXO,202103W5,16300,買權,17.5,43.5,13.5,30,18379,30,8303,28.5,30,59,13.5,,一般
2021/3/25,TXO,202103W5,16300,買權,30.5,38,16.5,16.5,5077,-,-,16.5,17,59,16.5,,盤後
2021/3/25,TXO,202103W5,16300,賣權,377,386,228,270,618,270,154,265,276,386,228,,一般
2021/3/25,TXO,202103W5,16300,賣權,317,350,283,350,286,-,-,313,600,350,259,,盤後
2021/3/25,TXO,202103W5,16350,買權,9,31,8.5,19.5,13511,19.5,8056,19.5,20.5,44,8.5,,一般
2021/3/25,TXO,202103W5,16350,買權,20.5,27,12,13,5400,-,-,12.5,13,44,12,,盤後
2021/3/25,TXO,202103W5,16350,賣權,421,435,269,312,403,312,115,250,317,435,269,,一般
2021/3/25,TXO,202103W5,16350,賣權,359,360,334,350,183,-,-,350,700,381,310,,盤後
2021/3/25,TXO,202103W5,16400,買權,7,21,5.6,13.5,11298,13.5,9122,12,14,37,5.6,,一般
2021/3/25,TXO,202103W5,16400,買權,15,18,7,7.5,3898,-,-,7.3,8,37,7,,盤後
2021/3/25,TXO,202103W5,16400,賣權,465,477,316,350,378,358,108,341,360,477,316,,一般
2021/3/25,TXO,202103W5,16400,賣權,380,398,367,389,134,-,-,369,720,420,347,,盤後
2021/3/25,TXO,202103W5,16450,買權,5.5,13.5,3.5,8.3,5286,8.3,4852,7.5,9,34,3.5,,一般
2021/3/25,TXO,202103W5,16450,買權,10,12,6.9,7,3789,-,-,6.8,7.2,34,6.9,,盤後
2021/3/25,TXO,202103W5,16450,賣權,505,525,356,441,70,403,16,371,406,555,356,,一般
2021/3/25,TXO,202103W5,16450,賣權,424,555,415,466,12,-,-,393,695,555,406,,盤後
2021/3/25,TXO,202103W5,16500,買權,3,9,2.1,5.5,6750,5.5,4641,5.3,5.5,18,2.1,,一般
2021/3/25,TXO,202103W5,16500,買權,6.3,7.9,5,5,2157,-,-,5,5.2,18,5,,盤後
2021/3/25,TXO,202103W5,16500,賣權,560,575,417,461,19,450,17,263,585,590,405,,一般
2021/3/25,TXO,202103W5,16500,賣權,510,590,405,590,16,-,-,418,615,590,405,,盤後
2021/3/25,TXO,202103W5,16550,買權,2.9,5.6,1.4,3.4,6452,3.4,5106,3,3.5,12,0.2,,一般
2021/3/25,TXO,202103W5,16550,買權,4.2,5.1,0.2,0.2,710,-,-,1,4,12,0.2,,盤後
2021/3/25,TXO,202103W5,16550,賣權,585,605,461,461,3,500,2,481,498,605,358,,一般
2021/3/25,TXO,202103W5,16550,賣權,545,545,358,358,2,-,-,487,-,545,358,,盤後
2021/3/25,TXO,202103W5,16600,買權,1.6,3.5,0.6,2,4854,2,4089,1.8,2.1,9,0.6,,一般
2021/3/25,TXO,202103W5,16600,買權,2.7,3.4,2.1,2.2,958,-,-,2,2.3,9,2.1,,盤後
2021/3/25,TXO,202103W5,16600,賣權,550,550,505,550,5,550,3,530,555,560,505,,一般
2021/3/25,TXO,202103W5,16600,賣權,560,560,560,560,1,-,-,540,-,560,560,,盤後
2021/3/25,TXO,202103W5,16650,買權,1.5,2.2,0.6,1.4,496,1.4,678,0.6,1.5,6.9,0.6,,一般
2021/3/25,TXO,202103W5,16650,買權,2,2.5,1.5,1.5,349,-,-,1.5,1.9,6.9,1.5,,盤後
2021/3/25,TXO,202103W5,16650,賣權,725,725,705,705,22,600,0,460,785,725,705,,一般
2021/3/25,TXO,202103W5,16650,賣權,-,-,-,-,0,-,-,-,-,-,-,,盤後
2021/3/25,TXO,202103W5,16700,買權,1.2,1.3,0.5,0.9,454,0.9,1128,0.7,1.2,5.3,0.5,,一般
2021/3/25,TXO,202103W5,16700,買權,1.5,1.5,1,1.1,321,-,-,1,1.4,5.3,1,,盤後
2021/3/25,TXO,202103W5,16700,賣權,760,770,760,770,22,650,0,510,650,770,760,,一般
2021/3/25,TXO,202103W5,16700,賣權,-,-,-,-,0,-,-,-,-,-,-,,盤後
2021/3/25,TXO,202103W5,16800,買權,0.6,0.8,0.1,0.3,459,0.3,1049,0.2,0.5,3.7,0.1,,一般
2021/3/25,TXO,202103W5,16800,買權,0.8,1.1,0.6,0.7,245,-,-,0.6,1,3.7,0.6,,盤後
2021/3/25,TXO,202103W5,16800,賣權,-,-,-,-,0,750,0,-,-,-,-,,一般
2021/3/25,TXO,202103W5,16800,賣權,-,-,-,-,0,-,-,-,-,-,-,,盤後
2021/3/25,TXO,202103W5,16900,買權,0.1,0.2,0.1,0.2,61,0.2,291,-,0.6,0.8,0.1,,一般
2021/3/25,TXO,202103W5,16900,買權,0.4,0.6,0.4,0.4,243,-,-,0.3,0.5,0.8,0.4,,盤後
2021/3/25,TXO,202103W5,16900,賣權,-,-,-,-,0,850,0,-,-,-,-,,一般
2021/3/25,TXO,202103W5,16900,賣權,-,-,-,-,0,-,-,-,-,-,-,,盤後
2021/3/25,TXO,202103W5,17000,買權,0.1,0.5,0.1,0.1,52,0.1,180,0.1,0.4,18.5,0.1,,一般
2021/3/25,TXO,202103W5,17000,買權,0.3,0.4,0.1,0.1,15,-,-,-,0.6,18.5,0.1,,盤後
2021/3/25,TXO,202103W5,17000,賣權,-,-,-,-,0,950,0,-,-,-,-,,一般
2021/3/25,TXO,202103W5,17000,賣權,-,-,-,-,0,-,-,-,-,-,-,,盤後
2021/3/25,TXO,202103W5,17100,買權,-,-,-,-,0,0.1,4,-,-,-,-,,一般
2021/3/25,TXO,202103W5,17100,買權,0.1,0.2,0.1,0.1,3,-,-,-,0.3,0.3,0.1,,盤後
2021/3/25,TXO,202103W5,17100,賣權,-,-,-,-,0,1050,0,-,-,-,-,,一般
2021/3/25,TXO,202103W5,17100,賣權,-,-,-,-,0,-,-,-,-,-,-,,盤後
2021/3/25,TXO,202103W5,17200,買權,0.1,0.1,0.1,0.1,60,0.1,0,-,0.5,0.1,0.1,,一般
2021/3/25,TXO,202103W5,17200,買權,-,-,-,-,0,-,-,-,-,-,-,,盤後
2021/3/25,TXO,202103W5,17200,賣權,-,-,-,-,0,1150,0,-,-,-,-,,一般
2021/3/25,TXO,202103W5,17200,賣權,-,-,-,-,0,-,-,-,-,-,-,,盤後
2021/3/25,TXO,202103W5,17300,買權,-,-,-,-,0,0.1,0,-,-,-,-,,一般
2021/3/25,TXO,202103W5,17300,買權,-,-,-,-,0,-,-,-,-,-,-,,盤後
2021/3/25,TXO,202103W5,17300,賣權,-,-,-,-,0,1250,0,-,-,-,-,,一般
2021/3/25,TXO,202103W5,17300,賣權,-,-,-,-,0,-,-,-,-,-,-,,盤後
2021/3/25,TXO,202103W5,17400,買權,-,-,-,-,0,0.1,0,-,-,-,-,,一般
2021/3/25,TXO,202103W5,17400,買權,-,-,-,-,0,-,-,-,-,-,-,,盤後
2021/3/25,TXO,202103W5,17400,賣權,-,-,-,-,0,1340,0,-,-,-,-,,一般
2021/3/25,TXO,202103W5,17400,賣權,-,-,-,-,0,-,-,-,-,-,-,,盤後
2021/3/25,TXO,202103W5,17500,買權,-,-,-,-,0,0.1,2,-,-,-,-,,一般
2021/3/25,TXO,202103W5,17500,買權,-,-,-,-,0,-,-,-,-,-,-,,盤後
2021/3/25,TXO,202103W5,17500,賣權,-,-,-,-,0,1440,0,-,-,-,-,,一般
2021/3/25,TXO,202103W5,17500,賣權,-,-,-,-,0,-,-,-,-,-,-,,盤後
2021/3/25,TXO,202103W5,17600,買權,-,-,-,-,0,0.1,0,-,-,-,-,,一般
2021/3/25,TXO,202103W5,17600,買權,-,-,-,-,0,-,-,-,-,-,-,,盤後
2021/3/25,TXO,202103W5,17600,賣權,-,-,-,-,0,1540,0,-,-,-,-,,一般
2021/3/25,TXO,202103W5,17600,賣權,-,-,-,-,0,-,-,-,-,-,-,,盤後
2021/3/25,TXO,202103W5,17700,買權,-,-,-,-,0,0.1,0,-,-,-,-,,一般
2021/3/25,TXO,202103W5,17700,買權,-,-,-,-,0,-,-,-,-,-,-,,盤後
2021/3/25,TXO,202103W5,17700,賣權,-,-,-,-,0,1640,0,-,-,-,-,,一般
2021/3/25,TXO,202103W5,17700,賣權,-,-,-,-,0,-,-,-,-,-,-,,盤後
2021/3/25,TXO,202103W5,17800,買權,0.1,0.1,0.1,0.1,20,0.1,20,-,0.4,0.1,0.1,,一般
2021/3/25,TXO,202103W5,17800,買權,-,-,-,-,0,-,-,-,-,-,-,,盤後
2021/3/25,TXO,202103W5,17800,賣權,-,-,-,-,0,1740,0,-,-,-,-,,一般
2021/3/25,TXO,202103W5,17800,賣權,-,-,-,-,0,-,-,-,-,-,-,,盤後
2021/3/25,TXO,202104,12800,買權,-,-,-,-,0,3230,8,-,-,-,-,,一般
2021/3/25,TXO,202104,12800,買權,-,-,-,-,0,-,-,-,-,-,-,,盤後
2021/3/25,TXO,202104,12800,賣權,5.1,5.1,3.4,3.7,230,3.7,3664,3.4,3.7,133,3.3,,一般
2021/3/25,TXO,202104,12800,賣權,5.6,5.6,5.6,5.6,7,-,-,3.8,5,133,3.3,,盤後
2021/3/25,TXO,202104,12900,買權,-,-,-,-,0,3130,2,-,-,-,-,,一般
2021/3/25,TXO,202104,12900,買權,-,-,-,-,0,-,-,-,-,-,-,,盤後
2021/3/25,TXO,202104,12900,賣權,5.4,5.4,3.8,3.8,294,3.8,1611,3.7,5.8,120,3.6,,一般
2021/3/25,TXO,202104,12900,賣權,-,-,-,-,0,-,-,-,-,-,-,,盤後
2021/3/25,TXO,202104,13000,買權,-,-,-,-,0,3030,0,-,-,-,-,,一般
2021/3/25,TXO,202104,13000,買權,-,-,-,-,0,-,-,-,-,-,-,,盤後
2021/3/25,TXO,202104,13000,賣權,6.2,6.5,4.2,4.2,115,4.2,1508,4,4.2,154,4.2,,一般
2021/3/25,TXO,202104,13000,賣權,-,-,-,-,0,-,-,-,-,-,-,,盤後
2021/3/25,TXO,202104,13100,買權,-,-,-,-,0,2930,0,-,-,-,-,,一般
2021/3/25,TXO,202104,13100,買權,-,-,-,-,0,-,-,-,-,-,-,,盤後
2021/3/25,TXO,202104,13100,賣權,6.8,6.8,4.6,4.6,8,4.6,266,4.5,10,175,4.1,,一般
2021/3/25,TXO,202104,13100,賣權,-,-,-,-,0,-,-,-,-,-,-,,盤後
2021/3/25,TXO,202104,13200,買權,-,-,-,-,0,2830,0,-,-,-,-,,一般
2021/3/25,TXO,202104,13200,買權,-,-,-,-,0,-,-,-,-,-,-,,盤後
2021/3/25,TXO,202104,13200,賣權,6,6.2,4.1,4.6,33,4.6,1709,3.7,5,180,4.1,,一般
2021/3/25,TXO,202104,13200,賣權,-,-,-,-,0,-,-,-,-,-,-,,盤後
2021/3/25,TXO,202104,13300,買權,-,-,-,-,0,2740,0,-,-,-,-,,一般
2021/3/25,TXO,202104,13300,買權,-,-,-,-,0,-,-,-,-,-,-,,盤後
2021/3/25,TXO,202104,13300,賣權,9.3,9.3,6.6,6.6,13,6.6,380,5.8,7.3,190,5.3,,一般
2021/3/25,TXO,202104,13300,賣權,6,6,6,6,1,-,-,5.2,8.5,190,5.3,,盤後
2021/3/25,TXO,202104,13400,買權,-,-,-,-,0,2640,1,-,-,-,-,,一般
2021/3/25,TXO,202104,13400,買權,-,-,-,-,0,-,-,-,-,-,-,,盤後
2021/3/25,TXO,202104,13400,賣權,7,7,7,7,1,7,271,4,64,200,6.1,,一般
2021/3/25,TXO,202104,13400,賣權,-,-,-,-,0,-,-,-,-,-,-,,盤後
2021/3/25,TXO,202104,13500,買權,-,-,-,-,0,2540,1,-,-,-,-,,一般
2021/3/25,TXO,202104,13500,買權,-,-,-,-,0,-,-,-,-,-,-,,盤後
2021/3/25,TXO,202104,13500,賣權,9.9,9.9,7.1,7.4,50,7.3,382,7.3,8.8,237,6.7,,一般
2021/3/25,TXO,202104,13500,賣權,10,10,10,10,2,-,-,7,10.5,237,6.7,,盤後
2021/3/25,TXO,202104,13600,買權,-,-,-,-,0,2440,0,-,-,-,-,,一般
2021/3/25,TXO,202104,13600,買權,-,-,-,-,0,-,-,-,-,-,-,,盤後
2021/3/25,TXO,202104,13600,賣權,13,13,7.3,7.3,54,7.3,340,7.3,9.9,231,7,,一般
2021/3/25,TXO,202104,13600,賣權,11,11,9.5,11,11,-,-,8,12,231,7,,盤後
2021/3/25,TXO,202104,13700,買權,-,-,-,-,0,2340,0,-,-,-,-,,一般
2021/3/25,TXO,202104,13700,買權,-,-,-,-,0,-,-,-,-,-,-,,盤後
2021/3/25,TXO,202104,13700,賣權,11,12.5,9.5,9.5,20,9.5,247,9,11,219,7.6,,一般
2021/3/25,TXO,202104,13700,賣權,12,12,11.5,11.5,2,-,-,7.5,12,219,7.6,,盤後
2021/3/25,TXO,202104,13800,買權,-,-,-,-,0,2240,8,-,-,-,-,,一般
2021/3/25,TXO,202104,13800,買權,-,-,-,-,0,-,-,-,-,-,-,,盤後
2021/3/25,TXO,202104,13800,賣權,15,15,10.5,11,63,11,456,10,14,279,8,,一般
2021/3/25,TXO,202104,13800,賣權,15.5,15.5,11.5,11.5,2,-,-,10.5,19.5,279,8,,盤後
2021/3/25,TXO,202104,13900,買權,-,-,-,-,0,2140,1,-,-,-,-,,一般
2021/3/25,TXO,202104,13900,買權,-,-,-,-,0,-,-,-,-,-,-,,盤後
2021/3/25,TXO,202104,13900,賣權,16,16,11.5,12,50,12,599,11,12.5,194,8.5,,一般
2021/3/25,TXO,202104,13900,賣權,13.5,14,13.5,14,30,-,-,13,20.5,194,8.5,,盤後
2021/3/25,TXO,202104,14000,買權,-,-,-,-,0,2040,1,-,-,-,-,,一般
2021/3/25,TXO,202104,14000,買權,-,-,-,-,0,-,-,-,-,-,-,,盤後
2021/3/25,TXO,202104,14000,賣權,19,19,13,13,338,13,1998,12.5,18,310,10,,一般
2021/3/25,TXO,202104,14000,賣權,18,20,15,20,61,-,-,15.5,20,310,10,,盤後
2021/3/25,TXO,202104,14100,買權,-,-,-,-,0,1940,2,-,-,-,-,,一般
2021/3/25,TXO,202104,14100,買權,-,-,-,-,0,-,-,-,-,-,-,,盤後
2021/3/25,TXO,202104,14100,賣權,21.5,21.5,14,16,64,15,676,14.5,15.5,218,11,,一般
2021/3/25,TXO,202104,14100,賣權,18.5,22.5,18.5,22.5,5,-,-,18.5,22.5,218,11,,盤後
2021/3/25,TXO,202104,14200,買權,-,-,-,-,0,1850,35,-,-,-,-,,一般
2021/3/25,TXO,202104,14200,買權,-,-,-,-,0,-,-,-,-,-,-,,盤後
2021/3/25,TXO,202104,14200,賣權,23,23.5,16,17,304,17,1571,16,17.5,316,12.5,,一般
2021/3/25,TXO,202104,14200,賣權,24,24,19,23,41,-,-,23,26,316,12.5,,盤後
2021/3/25,TXO,202104,14300,買權,-,-,-,-,0,1750,0,-,-,-,-,,一般
2021/3/25,TXO,202104,14300,買權,-,-,-,-,0,-,-,-,-,-,-,,盤後
2021/3/25,TXO,202104,14300,賣權,23,26.5,18.5,19.5,213,19.5,1016,18,19.5,377,13.5,,一般
2021/3/25,TXO,202104,14300,賣權,27.5,28,21.5,28,40,-,-,21.5,30,377,13.5,,盤後
2021/3/25,TXO,202104,14400,買權,-,-,-,-,0,1650,1,-,-,-,-,,一般
2021/3/25,TXO,202104,14400,買權,-,-,-,-,0,-,-,-,-,-,-,,盤後
2021/3/25,TXO,202104,14400,賣權,32,32,21,21.5,180,21.5,1363,21,23.5,409,15.5,,一般
2021/3/25,TXO,202104,14400,賣權,27,30.5,25,30.5,11,-,-,28.5,36,409,15.5,,盤後
2021/3/25,TXO,202104,14500,買權,-,-,-,-,0,1550,5,-,-,-,-,,一般
2021/3/25,TXO,202104,14500,買權,-,-,-,-,0,-,-,-,-,-,-,,盤後
2021/3/25,TXO,202104,14500,賣權,37,37,24.5,25,844,25,2818,24,25.5,408,18,,一般
2021/3/25,TXO,202104,14500,賣權,30,42,30,42,139,-,-,36,52,408,18,,盤後
2021/3/25,TXO,202104,14600,買權,1470,1470,1470,1470,9,1460,3,1330,1480,1730,895,,一般
2021/3/25,TXO,202104,14600,買權,1380,1450,1380,1450,14,-,-,1240,-,1730,895,,盤後
2021/3/25,TXO,202104,14600,賣權,40.5,42.5,28,28.5,424,28.5,2366,28,29,497,20,,一般
2021/3/25,TXO,202104,14600,賣權,39.5,51,35,51,101,-,-,43.5,66,497,20,,盤後
2021/3/25,TXO,202104,14700,買權,-,-,-,-,0,1370,0,-,-,-,-,,一般
2021/3/25,TXO,202104,14700,買權,-,-,-,-,0,-,-,-,-,-,-,,盤後
2021/3/25,TXO,202104,14700,賣權,46,50,33,36.5,819,36.5,2432,20,39.5,400,23,,一般
2021/3/25,TXO,202104,14700,賣權,45.5,68,40,57,72,-,-,53,58,400,23,,盤後
2021/3/25,TXO,202104,14800,買權,1150,1280,1150,1230,24,1270,42,1140,1290,1500,1150,,一般
2021/3/25,TXO,202104,14800,買權,1220,1270,1220,1270,7,-,-,1100,-,1500,1190,,盤後
2021/3/25,TXO,202104,14800,賣權,56,57,39,39.5,1208,39.5,3580,39,41.5,560,27,,一般
2021/3/25,TXO,202104,14800,賣權,52,60,45.5,60,247,-,-,56,65,560,27,,盤後
2021/3/25,TXO,202104,14900,買權,-,-,-,-,0,1180,1,-,-,-,-,,一般
2021/3/25,TXO,202104,14900,買權,-,-,-,-,0,-,-,-,-,-,-,,盤後
2021/3/25,TXO,202104,14900,賣權,65,67,45,47,993,47,4362,45,49,398,31.5,,一般
2021/3/25,TXO,202104,14900,賣權,60,77,53,77,158,-,-,66,81,398,31.5,,盤後
2021/3/25,TXO,202104,15000,買權,-,-,-,-,0,1080,25,-,-,-,-,,一般
2021/3/25,TXO,202104,15000,買權,-,-,-,-,0,-,-,-,-,-,-,,盤後
2021/3/25,TXO,202104,15000,賣權,79,79,52,55,3110,55,12228,55,57,645,36,,一般
2021/3/25,TXO,202104,15000,賣權,70,84,63,83,696,-,-,80,85,645,36,,盤後
2021/3/25,TXO,202104,15100,買權,-,-,-,-,0,995,2,-,-,-,-,,一般
2021/3/25,TXO,202104,15100,買權,-,-,-,-,0,-,-,-,-,-,-,,盤後
2021/3/25,TXO,202104,15100,賣權,86,90,61,64,878,64,3333,63,74,700,43,,一般
2021/3/25,TXO,202104,15100,賣權,81,103,72,103,484,-,-,95,101,700,43,,盤後
2021/3/25,TXO,202104,15200,買權,800,910,800,910,3,910,24,720,1050,1190,495,,一般
2021/3/25,TXO,202104,15200,買權,-,-,-,-,0,-,-,-,-,-,-,,盤後
2021/3/25,TXO,202104,15200,賣權,108,108,70,76,1369,76,3208,74,76,675,49.5,,一般
2021/3/25,TXO,202104,15200,賣權,93,112,84,106,590,-,-,107,114,675,49.5,,盤後
2021/3/25,TXO,202104,15300,買權,765,840,730,840,5,820,41,635,960,1050,480,,一般
2021/3/25,TXO,202104,15300,買權,775,795,775,795,2,-,-,128,-,1050,480,,盤後
2021/3/25,TXO,202104,15300,賣權,122,122,83,88,1307,88,4030,85,89,785,57,,一般
2021/3/25,TXO,202104,15300,賣權,106,125,97,120,317,-,-,121,132,785,57,,盤後
2021/3/25,TXO,202104,15400,買權,670,770,655,690,27,735,128,535,745,1120,450,,一般
2021/3/25,TXO,202104,15400,買權,700,725,670,670,11,-,-,168,-,1120,450,,盤後
2021/3/25,TXO,202104,15400,賣權,140,142,96,105,1195,105,3344,101,105,810,48,,一般
2021/3/25,TXO,202104,15400,賣權,124,154,114,151,411,-,-,154,156,810,48,,盤後
2021/3/25,TXO,202104,15500,買權,560,680,550,620,18,650,84,570,665,960,402,,一般
2021/3/25,TXO,202104,15500,買權,630,630,590,590,2,-,-,520,550,960,402,,盤後
2021/3/25,TXO,202104,15500,賣權,164,166,113,119,2398,119,5313,119,121,910,76,,一般
2021/3/25,TXO,202104,15500,賣權,144,184,131,178,570,-,-,175,182,910,76,,盤後
2021/3/25,TXO,202104,15600,買權,483,590,483,575,46,575,187,560,640,1000,375,,一般
2021/3/25,TXO,202104,15600,買權,545,570,460,460,10,-,-,389,645,1000,375,,盤後
2021/3/25,TXO,202104,15600,賣權,191,195,132,141,2881,141,5216,139,143,655,89,,一般
2021/3/25,TXO,202104,15600,賣權,169,216,154,207,447,-,-,201,217,655,89,,盤後
2021/3/25,TXO,202104,15700,買權,423,540,401,490,229,490,240,488,500,980,302,,一般
2021/3/25,TXO,202104,15700,買權,467,500,400,400,21,-,-,333,410,980,302,,盤後
2021/3/25,TXO,202104,15700,賣權,224,227,152,165,2033,165,5256,165,168,985,104,,一般
2021/3/25,TXO,202104,15700,賣權,196,237,178,237,276,-,-,230,239,985,104,,盤後
2021/3/25,TXO,202104,15800,買權,350,468,338,425,514,425,391,423,428,850,289,,一般
2021/3/25,TXO,202104,15800,買權,399,439,333,333,62,-,-,320,345,850,289,,盤後
2021/3/25,TXO,202104,15800,賣權,259,279,180,196,2498,196,4579,194,196,995,120,,一般
2021/3/25,TXO,202104,15800,賣權,228,282,207,282,602,-,-,260,282,995,120,,盤後
2021/3/25,TXO,202104,15900,買權,279,398,278,358,1048,358,616,357,360,830,252,,一般
2021/3/25,TXO,202104,15900,買權,340,370,252,273,112,-,-,256,283,830,252,,盤後
2021/3/25,TXO,202104,15900,賣權,285,305,208,229,2317,229,3483,226,229,1150,140,,一般
2021/3/25,TXO,202104,15900,賣權,268,312,238,281,479,-,-,310,319,1150,140,,盤後
2021/3/25,TXO,202104,16000,買權,220,332,220,299,3198,299,3270,298,300,785,220,,一般
2021/3/25,TXO,202104,16000,買權,279,314,220,232,378,-,-,220,265,785,220,,盤後
2021/3/25,TXO,202104,16000,賣權,349,355,244,268,2643,268,6103,266,268,1120,163,,一般
2021/3/25,TXO,202104,16000,賣權,304,367,277,367,513,-,-,351,367,1120,163,,盤後
2021/3/25,TXO,202104,16100,買權,181,273,178,241,1978,241,2832,243,245,710,175,,一般
2021/3/25,TXO,202104,16100,買權,231,255,175,178,746,-,-,173,188,710,175,,盤後
2021/3/25,TXO,202104,16100,賣權,394,403,286,309,903,309,3233,307,312,885,192,,一般
2021/3/25,TXO,202104,16100,賣權,353,416,318,416,184,-,-,404,418,885,192,,盤後
2021/3/25,TXO,202104,16200,買權,142,221,136,192,2594,192,3166,192,195,710,136,,一般
2021/3/25,TXO,202104,16200,買權,180,203,142,145,849,-,-,142,146,710,142,,盤後
2021/3/25,TXO,202104,16200,賣權,453,466,337,370,933,362,3490,360,364,860,224,,一般
2021/3/25,TXO,202104,16200,賣權,407,455,375,455,173,-,-,400,488,860,224,,盤後
2021/3/25,TXO,202104,16300,買權,114,175,108,152,5326,152,5846,150,154,635,106,,一般
2021/3/25,TXO,202104,16300,買權,142,161,106,111,931,-,-,109,111,635,106,,盤後
2021/3/25,TXO,202104,16300,賣權,520,535,390,420,411,420,2415,412,429,1080,262,,一般
2021/3/25,TXO,202104,16300,賣權,473,540,438,540,58,-,-,450,550,1080,262,,盤後
2021/3/25,TXO,202104,16400,買權,84,135,80,115,4092,115,6610,114,116,590,77,,一般
2021/3/25,TXO,202104,16400,買權,110,126,77,82,1541,-,-,79,81,590,77,,盤後
2021/3/25,TXO,202104,16400,賣權,590,600,455,494,187,485,724,362,685,1020,305,,一般
2021/3/25,TXO,202104,16400,賣權,535,570,505,570,74,-,-,250,660,1020,305,,盤後
2021/3/25,TXO,202104,16500,買權,64,103,59,87,3306,87,3836,85,86,530,59,,一般
2021/3/25,TXO,202104,16500,買權,85,94,66,70,853,-,-,65,72,530,66,,盤後
2021/3/25,TXO,202104,16500,賣權,665,675,535,560,29,560,275,535,565,970,356,,一般
2021/3/25,TXO,202104,16500,賣權,610,670,590,670,13,-,-,420,-,970,356,,盤後
2021/3/25,TXO,202104,16600,買權,47,76,43.5,63,5434,63,6405,62,64,494,43.5,,一般
2021/3/25,TXO,202104,16600,買權,61,72,52,52,1396,-,-,52,54,494,52,,盤後
2021/3/25,TXO,202104,16600,賣權,745,750,600,665,28,635,97,620,645,1230,412,,一般
2021/3/25,TXO,202104,16600,賣權,690,690,655,680,9,-,-,630,-,1230,412,,盤後
2021/3/25,TXO,202104,16700,買權,36,54,31,45.5,3320,45.5,5216,43.5,45.5,400,31,,一般
2021/3/25,TXO,202104,16700,買權,45,52,38,40,929,-,-,40,40.5,400,38,,盤後
2021/3/25,TXO,202104,16700,賣權,810,810,810,810,1,715,107,705,725,1730,497,,一般
2021/3/25,TXO,202104,16700,賣權,-,-,-,-,0,-,-,-,-,-,-,,盤後
2021/3/25,TXO,202104,16800,買權,25.5,39,23,33,2611,33,6342,33,34,400,23,,一般
2021/3/25,TXO,202104,16800,買權,33.5,39,28.5,30,889,-,-,28.5,30.5,400,28.5,,盤後
2021/3/25,TXO,202104,16800,賣權,890,935,790,820,9,805,75,680,815,1060,530,,一般
2021/3/25,TXO,202104,16800,賣權,825,825,820,820,2,-,-,284,-,1060,530,,盤後
2021/3/25,TXO,202104,16900,買權,19,28,17.5,22,2083,22,4196,22,25,331,17.5,,一般
2021/3/25,TXO,202104,16900,買權,24.5,29,21,21,308,-,-,21.5,22.5,331,21,,盤後
2021/3/25,TXO,202104,16900,賣權,1020,1030,1020,1030,2,890,33,750,905,1250,615,,一般
2021/3/25,TXO,202104,16900,賣權,1010,1050,1010,1050,22,-,-,318,-,1250,615,,盤後
2021/3/25,TXO,202104,17000,買權,14,20.5,12.5,17,1884,17,7271,16.5,17.5,309,12.5,,一般
2021/3/25,TXO,202104,17000,買權,19.5,21.5,15,15.5,786,-,-,15.5,17,309,15,,盤後
2021/3/25,TXO,202104,17000,賣權,1090,1090,1090,1090,1,985,84,845,1000,1560,695,,一般
2021/3/25,TXO,202104,17000,賣權,-,-,-,-,0,-,-,-,-,-,-,,盤後
2021/3/25,TXO,202104,17100,買權,11.5,14,10,13,449,13,3358,12,13.5,255,10,,一般
2021/3/25,TXO,202104,17100,買權,14,16,12,12,179,-,-,12,13.5,255,12,,盤後
2021/3/25,TXO,202104,17100,賣權,-,-,-,-,0,1080,1,-,-,-,-,,一般
2021/3/25,TXO,202104,17100,賣權,-,-,-,-,0,-,-,-,-,-,-,,盤後
2021/3/25,TXO,202104,17200,買權,9.1,11,7.6,10.5,893,10.5,2974,9.6,10.5,226,7.6,,一般
2021/3/25,TXO,202104,17200,買權,11.5,12,8.8,9.2,282,-,-,8.9,9.5,226,8.8,,盤後
2021/3/25,TXO,202104,17200,賣權,-,-,-,-,0,1180,1,-,-,-,-,,一般
2021/3/25,TXO,202104,17200,賣權,1180,1180,1180,1180,1,-,-,67,-,1180,1010,,盤後
2021/3/25,TXO,202104,17300,買權,7.9,8.7,6.2,7.8,658,7.8,2307,6.6,8.3,210,1.1,,一般
2021/3/25,TXO,202104,17300,買權,8.1,9.6,8,8,160,-,-,8,8.1,210,1.1,,盤後
2021/3/25,TXO,202104,17300,賣權,-,-,-,-,0,1280,0,-,-,-,-,,一般
2021/3/25,TXO,202104,17300,賣權,-,-,-,-,0,-,-,-,-,-,-,,盤後
2021/3/25,TXO,202104,17400,買權,6,6.6,5.1,6,359,6,1386,5.6,6.7,182,5.1,,一般
2021/3/25,TXO,202104,17400,買權,6.4,7.4,6.4,6.5,60,-,-,6.4,6.7,182,6.4,,盤後
2021/3/25,TXO,202104,17400,賣權,-,-,-,-,0,1380,2,-,-,-,-,,一般
2021/3/25,TXO,202104,17400,賣權,-,-,-,-,0,-,-,-,-,-,-,,盤後
2021/3/25,TXO,202104,17500,買權,4.1,5.7,4.1,5.5,79,5.5,2989,5,5.8,167,4.1,,一般
2021/3/25,TXO,202104,17500,買權,5.6,6.9,5.4,5.5,29,-,-,5.4,5.6,167,5.4,,盤後
2021/3/25,TXO,202104,17500,賣權,-,-,-,-,0,1470,3,-,-,-,-,,一般
2021/3/25,TXO,202104,17500,賣權,-,-,-,-,0,-,-,-,-,-,-,,盤後
2021/3/25,TXO,202104,17600,買權,4.5,4.8,3.8,4.8,19,4,655,3.6,4.3,156,3.8,,一般
2021/3/25,TXO,202104,17600,買權,4.9,5.5,4.5,4.5,7,-,-,4.1,5,156,4.2,,盤後
2021/3/25,TXO,202104,17600,賣權,-,-,-,-,0,1570,0,-,-,-,-,,一般
2021/3/25,TXO,202104,17600,賣權,-,-,-,-,0,-,-,-,-,-,-,,盤後
2021/3/25,TXO,202104,17700,買權,3.5,3.8,3.5,3.8,7,3.8,1818,3.5,3.9,116,0.6,,一般
2021/3/25,TXO,202104,17700,買權,-,-,-,-,0,-,-,-,-,-,-,,盤後
2021/3/25,TXO,202104,17700,賣權,-,-,-,-,0,1670,0,-,-,-,-,,一般
2021/3/25,TXO,202104,17700,賣權,-,-,-,-,0,-,-,-,-,-,-,,盤後
2021/3/25,TXO,202104,17800,買權,3.2,3.2,3.2,3.2,6,3.2,481,2.8,4.6,130,2.9,,一般
2021/3/25,TXO,202104,17800,買權,2.9,3,2.9,3,22,-,-,3.2,5,130,2.9,,盤後
2021/3/25,TXO,202104,17800,賣權,-,-,-,-,0,1770,0,-,-,-,-,,一般
2021/3/25,TXO,202104,17800,賣權,-,-,-,-,0,-,-,-,-,-,-,,盤後
2021/3/25,TXO,202104,17900,買權,1.7,1.7,1.7,1.7,10,2.9,537,1.9,3.9,91,1.7,,一般
2021/3/25,TXO,202104,17900,買權,-,-,-,-,0,-,-,-,-,-,-,,盤後
2021/3/25,TXO,202104,17900,賣權,-,-,-,-,0,1870,0,-,-,-,-,,一般
2021/3/25,TXO,202104,17900,賣權,-,-,-,-,0,-,-,-,-,-,-,,盤後
2021/3/25,TXO,202104,18000,買權,3.5,3.5,3.5,3.5,1,2.4,785,1,3.8,77,3,,一般
2021/3/25,TXO,202104,18000,買權,3.8,3.8,3.8,3.8,1,-,-,2.7,4,77,3,,盤後
2021/3/25,TXO,202104,18000,賣權,-,-,-,-,0,1970,0,-,-,-,-,,一般
2021/3/25,TXO,202104,18000,賣權,-,-,-,-,0,-,-,-,-,-,-,,盤後
2021/3/25,TXO,202104,18100,買權,-,-,-,-,0,2.2,495,-,-,-,-,,一般
2021/3/25,TXO,202104,18100,買權,3.4,3.4,2.6,2.6,2,-,-,0.5,3,57,0.5,,盤後
2021/3/25,TXO,202104,18100,賣權,-,-,-,-,0,2070,0,-,-,-,-,,一般
2021/3/25,TXO,202104,18100,賣權,-,-,-,-,0,-,-,-,-,-,-,,盤後
2021/3/25,TXO,202104,18200,買權,3.5,3.5,1.7,1.9,59,1.9,480,1.6,46,100,1.7,,一般
2021/3/25,TXO,202104,18200,買權,-,-,-,-,0,-,-,-,-,-,-,,盤後
2021/3/25,TXO,202104,18200,賣權,-,-,-,-,0,2170,0,-,-,-,-,,一般
2021/3/25,TXO,202104,18200,賣權,-,-,-,-,0,-,-,-,-,-,-,,盤後
2021/3/25,TXO,202104,18300,買權,-,-,-,-,0,1.7,453,-,-,-,-,,一般
2021/3/25,TXO,202104,18300,買權,-,-,-,-,0,-,-,-,-,-,-,,盤後
2021/3/25,TXO,202104,18300,賣權,-,-,-,-,0,2270,0,-,-,-,-,,一般
2021/3/25,TXO,202104,18300,賣權,-,-,-,-,0,-,-,-,-,-,-,,盤後
2021/3/25,TXO,202104,18400,買權,1.4,1.8,1.4,1.6,10,1.6,404,1.6,44.5,45,0.1,,一般
2021/3/25,TXO,202104,18400,買權,-,-,-,-,0,-,-,-,-,-,-,,盤後
2021/3/25,TXO,202104,18400,賣權,-,-,-,-,0,2370,0,-,-,-,-,,一般
2021/3/25,TXO,202104,18400,賣權,-,-,-,-,0,-,-,-,-,-,-,,盤後
2021/3/25,TXO,202104,18500,買權,-,-,-,-,0,1.5,49,-,-,-,-,,一般
2021/3/25,TXO,202104,18500,買權,-,-,-,-,0,-,-,-,-,-,-,,盤後
2021/3/25,TXO,202104,18500,賣權,-,-,-,-,0,2470,0,-,-,-,-,,一般
2021/3/25,TXO,202104,18500,賣權,-,-,-,-,0,-,-,-,-,-,-,,盤後
2021/3/25,TXO,202104,18600,買權,1.2,1.4,1.2,1.4,5,1.4,639,1.4,41.5,49.5,0.2,,一般
2021/3/25,TXO,202104,18600,買權,-,-,-,-,0,-,-,-,-,-,-,,盤後
2021/3/25,TXO,202104,18600,賣權,-,-,-,-,0,2570,0,-,-,-,-,,一般
2021/3/25,TXO,202104,18600,賣權,-,-,-,-,0,-,-,-,-,-,-,,盤後
2021/3/25,TXO,202104,18700,買權,-,-,-,-,0,1.3,875,-,-,-,-,,一般
2021/3/25,TXO,202104,18700,買權,-,-,-,-,0,-,-,-,-,-,-,,盤後
2021/3/25,TXO,202104,18700,賣權,-,-,-,-,0,2670,0,-,-,-,-,,一般
2021/3/25,TXO,202104,18700,賣權,-,-,-,-,0,-,-,-,-,-,-,,盤後
2021/3/25,TXO,202104,18800,買權,-,-,-,-,0,1.2,109,-,-,-,-,,一般
2021/3/25,TXO,202104,18800,買權,-,-,-,-,0,-,-,-,-,-,-,,盤後
2021/3/25,TXO,202104,18800,賣權,-,-,-,-,0,2770,0,-,-,-,-,,一般
2021/3/25,TXO,202104,18800,賣權,-,-,-,-,0,-,-,-,-,-,-,,盤後
2021/3/25,TXO,202104,18900,買權,-,-,-,-,0,1,307,-,-,-,-,,一般
2021/3/25,TXO,202104,18900,買權,-,-,-,-,0,-,-,-,-,-,-,,盤後
2021/3/25,TXO,202104,18900,賣權,-,-,-,-,0,2870,0,-,-,-,-,,一般
2021/3/25,TXO,202104,18900,賣權,-,-,-,-,0,-,-,-,-,-,-,,盤後
2021/3/25,TXO,202104,19000,買權,0.9,1.5,0.8,0.8,32,0.8,3680,0.7,1.7,13,0.6,,一般
2021/3/25,TXO,202104,19000,買權,1,1,0.7,0.7,40,-,-,0.7,1.5,13,0.6,,盤後
2021/3/25,TXO,202104,19000,賣權,-,-,-,-,0,2970,0,-,-,-,-,,一般
2021/3/25,TXO,202104,19000,賣權,-,-,-,-,0,-,-,-,-,-,-,,盤後
2021/3/25,TXO,202105,13400,買權,-,-,-,-,0,2610,3,-,-,-,-,,一般
2021/3/25,TXO,202105,13400,買權,-,-,-,-,0,-,-,-,-,-,-,,盤後
2021/3/25,TXO,202105,13400,賣權,35,36,27.5,30,113,30,453,25,30.5,130,26,,一般
2021/3/25,TXO,202105,13400,賣權,-,-,-,-,0,-,-,-,-,-,-,,盤後
2021/3/25,TXO,202105,13500,買權,-,-,-,-,0,2510,1,-,-,-,-,,一般
2021/3/25,TXO,202105,13500,買權,-,-,-,-,0,-,-,-,-,-,-,,盤後
2021/3/25,TXO,202105,13500,賣權,37.5,37.5,35,35,3,35,106,27.5,35,163,27,,一般
2021/3/25,TXO,202105,13500,賣權,-,-,-,-,0,-,-,-,-,-,-,,盤後
2021/3/25,TXO,202105,13600,買權,-,-,-,-,0,2420,0,-,-,-,-,,一般
2021/3/25,TXO,202105,13600,買權,-,-,-,-,0,-,-,-,-,-,-,,盤後
2021/3/25,TXO,202105,13600,賣權,39.5,39.5,38,38,19,38,143,33,43.5,100,25.5,,一般
2021/3/25,TXO,202105,13600,賣權,-,-,-,-,0,-,-,-,-,-,-,,盤後
2021/3/25,TXO,202105,13700,買權,-,-,-,-,0,2320,0,-,-,-,-,,一般
2021/3/25,TXO,202105,13700,買權,-,-,-,-,0,-,-,-,-,-,-,,盤後
2021/3/25,TXO,202105,13700,賣權,48,48,40,42,82,42,209,36,42,153,33.5,,一般
2021/3/25,TXO,202105,13700,賣權,-,-,-,-,0,-,-,-,-,-,-,,盤後
2021/3/25,TXO,202105,13800,買權,-,-,-,-,0,2220,0,-,-,-,-,,一般
2021/3/25,TXO,202105,13800,買權,-,-,-,-,0,-,-,-,-,-,-,,盤後
2021/3/25,TXO,202105,13800,賣權,50,50,44,47,88,47,158,43,52,169,37,,一般
2021/3/25,TXO,202105,13800,賣權,43,48.5,43,48.5,5,-,-,45,65,169,37,,盤後
2021/3/25,TXO,202105,13900,買權,-,-,-,-,0,2120,10,-,-,-,-,,一般
2021/3/25,TXO,202105,13900,買權,-,-,-,-,0,-,-,-,-,-,-,,盤後
2021/3/25,TXO,202105,13900,賣權,47,47,47,47,1,50,274,43.5,56,131,42,,一般
2021/3/25,TXO,202105,13900,賣權,-,-,-,-,0,-,-,-,-,-,-,,盤後
2021/3/25,TXO,202105,14000,買權,-,-,-,-,0,2030,0,-,-,-,-,,一般
2021/3/25,TXO,202105,14000,買權,-,-,-,-,0,-,-,-,-,-,-,,盤後
2021/3/25,TXO,202105,14000,賣權,62,64,51,55,28,55,408,50,56,169,42,,一般
2021/3/25,TXO,202105,14000,賣權,54,60,54,59,4,-,-,57,62,169,42,,盤後
2021/3/25,TXO,202105,14100,買權,-,-,-,-,0,1940,0,-,-,-,-,,一般
2021/3/25,TXO,202105,14100,買權,-,-,-,-,0,-,-,-,-,-,-,,盤後
2021/3/25,TXO,202105,14100,賣權,-,-,-,-,0,61,81,-,-,-,-,,一般
2021/3/25,TXO,202105,14100,賣權,-,-,-,-,0,-,-,-,-,-,-,,盤後
2021/3/25,TXO,202105,14200,買權,-,-,-,-,0,1850,0,-,-,-,-,,一般
2021/3/25,TXO,202105,14200,買權,-,-,-,-,0,-,-,-,-,-,-,,盤後
2021/3/25,TXO,202105,14200,賣權,77,78,68,68,46,68,171,63,69,235,53,,一般
2021/3/25,TXO,202105,14200,賣權,76,76,72,76,92,-,-,61,79,235,53,,盤後
2021/3/25,TXO,202105,14300,買權,-,-,-,-,0,1750,0,-,-,-,-,,一般
2021/3/25,TXO,202105,14300,買權,-,-,-,-,0,-,-,-,-,-,-,,盤後
2021/3/25,TXO,202105,14300,賣權,-,-,-,-,0,69,261,-,-,-,-,,一般
2021/3/25,TXO,202105,14300,賣權,-,-,-,-,0,-,-,-,-,-,-,,盤後
2021/3/25,TXO,202105,14400,買權,-,-,-,-,0,1660,0,-,-,-,-,,一般
2021/3/25,TXO,202105,14400,買權,-,-,-,-,0,-,-,-,-,-,-,,盤後
2021/3/25,TXO,202105,14400,賣權,94,94,94,94,1,80,102,77,91,208,25,,一般
2021/3/25,TXO,202105,14400,賣權,95,95,95,95,1,-,-,65,104,208,25,,盤後
2021/3/25,TXO,202105,14500,買權,-,-,-,-,0,1570,3,-,-,-,-,,一般
2021/3/25,TXO,202105,14500,買權,-,-,-,-,0,-,-,-,-,-,-,,盤後
2021/3/25,TXO,202105,14500,賣權,107,107,91,91,49,91,235,86,95,277,72,,一般
2021/3/25,TXO,202105,14500,賣權,87,110,87,109,14,-,-,82,109,277,72,,盤後
2021/3/25,TXO,202105,14600,買權,-,-,-,-,0,1480,1,-,-,-,-,,一般
2021/3/25,TXO,202105,14600,買權,-,-,-,-,0,-,-,-,-,-,-,,盤後
2021/3/25,TXO,202105,14600,賣權,117,119,105,106,25,100,135,96,104,294,82,,一般
2021/3/25,TXO,202105,14600,賣權,113,113,113,113,1,-,-,71,161,294,82,,盤後
2021/3/25,TXO,202105,14700,買權,-,-,-,-,0,1390,0,-,-,-,-,,一般
2021/3/25,TXO,202105,14700,買權,-,-,-,-,0,-,-,-,-,-,-,,盤後
2021/3/25,TXO,202105,14700,賣權,125,125,112,112,6,112,337,100,121,320,87,,一般
2021/3/25,TXO,202105,14700,賣權,124,124,120,120,3,-,-,120,227,320,87,,盤後
2021/3/25,TXO,202105,14800,買權,-,-,-,-,0,1300,0,-,-,-,-,,一般
2021/3/25,TXO,202105,14800,買權,-,-,-,-,0,-,-,-,-,-,-,,盤後
2021/3/25,TXO,202105,14800,賣權,143,149,119,126,15,126,78,126,134,228,100,,一般
2021/3/25,TXO,202105,14800,賣權,-,-,-,-,0,-,-,-,-,-,-,,盤後
2021/3/25,TXO,202105,14900,買權,-,-,-,-,0,1220,0,-,-,-,-,,一般
2021/3/25,TXO,202105,14900,買權,-,-,-,-,0,-,-,-,-,-,-,,盤後
2021/3/25,TXO,202105,14900,賣權,145,145,130,130,3,142,71,134,149,382,100,,一般
2021/3/25,TXO,202105,14900,賣權,145,166,141,166,5,-,-,135,205,382,100,,盤後
2021/3/25,TXO,202105,15000,買權,-,-,-,-,0,1130,1,-,-,-,-,,一般
2021/3/25,TXO,202105,15000,買權,-,-,-,-,0,-,-,-,-,-,-,,盤後
2021/3/25,TXO,202105,15000,賣權,165,186,154,154,61,154,277,153,163,398,106,,一般
2021/3/25,TXO,202105,15000,賣權,168,172,168,172,2,-,-,125,195,398,106,,盤後
2021/3/25,TXO,202105,15100,買權,-,-,-,-,0,1060,1,-,-,-,-,,一般
2021/3/25,TXO,202105,15100,買權,-,-,-,-,0,-,-,-,-,-,-,,盤後
2021/3/25,TXO,202105,15100,賣權,206,206,167,182,28,182,271,63,182,466,71,,一般
2021/3/25,TXO,202105,15100,賣權,193,205,179,205,20,-,-,174,219,466,71,,盤後
2021/3/25,TXO,202105,15200,買權,-,-,-,-,0,975,30,-,-,-,-,,一般
2021/3/25,TXO,202105,15200,買權,-,-,-,-,0,-,-,-,-,-,-,,盤後
2021/3/25,TXO,202105,15200,賣權,195,195,190,195,12,195,112,192,201,499,150,,一般
2021/3/25,TXO,202105,15200,賣權,206,217,206,217,6,-,-,126,-,499,150,,盤後
2021/3/25,TXO,202105,15300,買權,-,-,-,-,0,895,10,-,-,-,-,,一般
2021/3/25,TXO,202105,15300,買權,-,-,-,-,0,-,-,-,-,-,-,,盤後
2021/3/25,TXO,202105,15300,賣權,253,253,202,224,40,215,328,208,222,510,164,,一般
2021/3/25,TXO,202105,15300,賣權,240,240,240,240,4,-,-,111,-,510,164,,盤後
2021/3/25,TXO,202105,15400,買權,-,-,-,-,0,820,20,-,-,-,-,,一般
2021/3/25,TXO,202105,15400,買權,-,-,-,-,0,-,-,-,-,-,-,,盤後
2021/3/25,TXO,202105,15400,賣權,264,283,230,243,42,243,83,235,247,620,185,,一般
2021/3/25,TXO,202105,15400,賣權,252,252,252,252,1,-,-,222,-,620,185,,盤後
2021/3/25,TXO,202105,15500,買權,-,-,-,-,0,745,41,-,-,-,-,,一般
2021/3/25,TXO,202105,15500,買權,-,-,-,-,0,-,-,-,-,-,-,,盤後
2021/3/25,TXO,202105,15500,賣權,299,299,251,283,8,266,116,257,275,650,203,,一般
2021/3/25,TXO,202105,15500,賣權,287,287,287,287,1,-,-,138,500,650,203,,盤後
2021/3/25,TXO,202105,15600,買權,600,600,600,600,1,675,65,660,685,850,600,,一般
2021/3/25,TXO,202105,15600,買權,-,-,-,-,0,-,-,-,-,-,-,,盤後
2021/3/25,TXO,202105,15600,賣權,297,312,296,296,7,296,122,291,304,710,237,,一般
2021/3/25,TXO,202105,15600,賣權,-,-,-,-,0,-,-,-,-,-,-,,盤後
2021/3/25,TXO,202105,15700,買權,-,-,-,-,0,610,75,-,-,-,-,,一般
2021/3/25,TXO,202105,15700,買權,-,-,-,-,0,-,-,-,-,-,-,,盤後
2021/3/25,TXO,202105,15700,賣權,376,379,320,320,26,331,135,324,338,695,260,,一般
2021/3/25,TXO,202105,15700,賣權,360,360,336,336,27,-,-,82,-,695,260,,盤後
2021/3/25,TXO,202105,15800,買權,499,499,484,484,3,550,53,530,555,935,484,,一般
2021/3/25,TXO,202105,15800,買權,-,-,-,-,0,-,-,-,-,-,-,,盤後
2021/3/25,TXO,202105,15800,賣權,416,421,373,373,10,373,165,359,374,805,277,,一般
2021/3/25,TXO,202105,15800,賣權,408,408,388,388,3,-,-,231,-,805,277,,盤後
2021/3/25,TXO,202105,15900,買權,415,490,415,490,6,490,93,475,495,815,415,,一般
2021/3/25,TXO,202105,15900,買權,-,-,-,-,0,-,-,-,-,-,-,,盤後
2021/3/25,TXO,202105,15900,賣權,462,462,388,388,35,406,421,398,413,735,316,,一般
2021/3/25,TXO,202105,15900,賣權,435,435,435,435,2,-,-,274,-,735,316,,盤後
2021/3/25,TXO,202105,16000,買權,366,450,366,425,17,425,102,418,438,890,366,,一般
2021/3/25,TXO,202105,16000,買權,-,-,-,-,0,-,-,-,-,-,-,,盤後
2021/3/25,TXO,202105,16000,賣權,520,520,435,450,34,450,131,440,456,845,339,,一般
2021/3/25,TXO,202105,16000,賣權,475,475,470,470,4,-,-,452,900,845,339,,盤後
2021/3/25,TXO,202105,16100,買權,340,400,308,370,34,370,122,365,385,630,308,,一般
2021/3/25,TXO,202105,16100,買權,360,370,360,370,8,-,-,50,-,630,350,,盤後
2021/3/25,TXO,202105,16100,賣權,560,560,485,485,21,491,64,485,505,775,410,,一般
2021/3/25,TXO,202105,16100,賣權,-,-,-,-,0,-,-,-,-,-,-,,盤後
2021/3/25,TXO,202105,16200,買權,300,335,300,320,14,320,85,316,333,670,300,,一般
2021/3/25,TXO,202105,16200,買權,314,315,314,315,3,-,-,43,338,670,302,,盤後
2021/3/25,TXO,202105,16200,賣權,595,595,595,595,2,540,89,535,560,780,423,,一般
2021/3/25,TXO,202105,16200,賣權,-,-,-,-,0,-,-,-,-,-,-,,盤後
2021/3/25,TXO,202105,16300,買權,235,296,228,274,35,274,203,271,291,720,228,,一般
2021/3/25,TXO,202105,16300,買權,-,-,-,-,0,-,-,-,-,-,-,,盤後
2021/3/25,TXO,202105,16300,賣權,650,650,585,585,21,595,72,590,615,1000,473,,一般
2021/3/25,TXO,202105,16300,賣權,-,-,-,-,0,-,-,-,-,-,-,,盤後
2021/3/25,TXO,202105,16400,買權,208,255,194,229,210,240,356,233,247,600,194,,一般
2021/3/25,TXO,202105,16400,買權,227,235,227,231,5,-,-,55,249,600,223,,盤後
2021/3/25,TXO,202105,16400,賣權,-,-,-,-,0,660,34,-,-,-,-,,一般
2021/3/25,TXO,202105,16400,賣權,-,-,-,-,0,-,-,-,-,-,-,,盤後
2021/3/25,TXO,202105,16500,買權,173,219,163,201,231,201,438,197,211,545,163,,一般
2021/3/25,TXO,202105,16500,買權,191,201,191,194,9,-,-,39.5,198,545,187,,盤後
2021/3/25,TXO,202105,16500,賣權,730,730,725,725,2,725,63,585,740,840,620,,一般
2021/3/25,TXO,202105,16500,賣權,-,-,-,-,0,-,-,-,-,-,-,,盤後
2021/3/25,TXO,202105,16600,買權,143,193,140,172,58,172,173,165,172,520,140,,一般
2021/3/25,TXO,202105,16600,買權,157,171,157,163,18,-,-,24.5,204,520,157,,盤後
2021/3/25,TXO,202105,16600,賣權,890,890,865,865,2,790,45,655,810,890,625,,一般
2021/3/25,TXO,202105,16600,賣權,855,865,855,865,2,-,-,760,-,870,625,,盤後
2021/3/25,TXO,202105,16700,買權,125,149,109,144,36,144,170,135,145,555,109,,一般
2021/3/25,TXO,202105,16700,買權,135,135,135,135,2,-,-,89,172,555,132,,盤後
2021/3/25,TXO,202105,16700,賣權,-,-,-,-,0,865,21,-,-,-,-,,一般
2021/3/25,TXO,202105,16700,賣權,-,-,-,-,0,-,-,-,-,-,-,,盤後
2021/3/25,TXO,202105,16800,買權,95,128,90,116,55,116,326,111,125,411,90,,一般
2021/3/25,TXO,202105,16800,買權,114,116,114,116,6,-,-,82,134,411,110,,盤後
2021/3/25,TXO,202105,16800,賣權,-,-,-,-,0,935,19,-,-,-,-,,一般
2021/3/25,TXO,202105,16800,賣權,-,-,-,-,0,-,-,-,-,-,-,,盤後
2021/3/25,TXO,202105,16900,買權,78,107,78,97,41,97,471,94,99,377,64,,一般
2021/3/25,TXO,202105,16900,買權,93,93,85,85,2,-,-,79,100,377,64,,盤後
2021/3/25,TXO,202105,16900,賣權,-,-,-,-,0,1020,0,-,-,-,-,,一般
2021/3/25,TXO,202105,16900,賣權,-,-,-,-,0,-,-,-,-,-,-,,盤後
2021/3/25,TXO,202105,17000,買權,70,87,63,81,38,81,228,73,82,227,61,,一般
2021/3/25,TXO,202105,17000,買權,76,80,61,77,11,-,-,66,82,227,61,,盤後
2021/3/25,TXO,202105,17000,賣權,-,-,-,-,0,1100,2,-,-,-,-,,一般
2021/3/25,TXO,202105,17000,賣權,-,-,-,-,0,-,-,-,-,-,-,,盤後
2021/3/25,TXO,202105,17100,買權,55,69,55,64,12,64,227,58,71,290,43,,一般
2021/3/25,TXO,202105,17100,買權,63,63,55,55,6,-,-,16,55,290,43,,盤後
2021/3/25,TXO,202105,17100,賣權,-,-,-,-,0,1180,0,-,-,-,-,,一般
2021/3/25,TXO,202105,17100,賣權,-,-,-,-,0,-,-,-,-,-,-,,盤後
2021/3/25,TXO,202105,17200,買權,46,58,45.5,54,19,54,133,50,56,301,45.5,,一般
2021/3/25,TXO,202105,17200,買權,52,52,50,50,3,-,-,34.5,55,301,50,,盤後
2021/3/25,TXO,202105,17200,賣權,-,-,-,-,0,1270,0,-,-,-,-,,一般
2021/3/25,TXO,202105,17200,賣權,-,-,-,-,0,-,-,-,-,-,-,,盤後
2021/3/25,TXO,202105,17300,買權,39.5,47,34,40,25,40,93,39.5,46,253,20,,一般
2021/3/25,TXO,202105,17300,買權,-,-,-,-,0,-,-,-,-,-,-,,盤後
2021/3/25,TXO,202105,17300,賣權,-,-,-,-,0,1360,0,-,-,-,-,,一般
2021/3/25,TXO,202105,17300,賣權,-,-,-,-,0,-,-,-,-,-,-,,盤後
2021/3/25,TXO,202105,17400,買權,32,37,32,37,29,33.5,156,30,36.5,248,8,,一般
2021/3/25,TXO,202105,17400,買權,36,36,30,30,4,-,-,30,38,248,8,,盤後
2021/3/25,TXO,202105,17400,賣權,-,-,-,-,0,1450,0,-,-,-,-,,一般
2021/3/25,TXO,202105,17400,賣權,-,-,-,-,0,-,-,-,-,-,-,,盤後
2021/3/25,TXO,202105,17500,買權,25.5,28.5,25.5,28.5,11,28.5,271,24,32.5,219,25,,一般
2021/3/25,TXO,202105,17500,買權,28.5,28.5,25,25,5,-,-,24.5,72,219,25,,盤後
2021/3/25,TXO,202105,17500,賣權,-,-,-,-,0,1550,1,-,-,-,-,,一般
2021/3/25,TXO,202105,17500,賣權,-,-,-,-,0,-,-,-,-,-,-,,盤後
2021/3/25,TXO,202105,17600,買權,25.5,25.5,19,23,4,23,140,19,29.5,213,19,,一般
2021/3/25,TXO,202105,17600,買權,22.5,22.5,22.5,22.5,2,-,-,9.1,40,213,22.5,,盤後
2021/3/25,TXO,202105,17600,賣權,-,-,-,-,0,1640,0,-,-,-,-,,一般
2021/3/25,TXO,202105,17600,賣權,-,-,-,-,0,-,-,-,-,-,-,,盤後
2021/3/25,TXO,202105,17700,買權,15.5,21,15.5,20.5,42,20.5,78,15.5,25.5,110,15.5,,一般
2021/3/25,TXO,202105,17700,買權,-,-,-,-,0,-,-,-,-,-,-,,盤後
2021/3/25,TXO,202105,17700,賣權,-,-,-,-,0,1740,0,-,-,-,-,,一般
2021/3/25,TXO,202105,17700,賣權,-,-,-,-,0,-,-,-,-,-,-,,盤後
2021/3/25,TXO,202105,17800,買權,-,-,-,-,0,18,115,-,-,-,-,,一般
2021/3/25,TXO,202105,17800,買權,17,17,17,17,4,-,-,9.1,18,60,17,,盤後
2021/3/25,TXO,202105,17800,賣權,-,-,-,-,0,1840,0,-,-,-,-,,一般
2021/3/25,TXO,202105,17800,賣權,-,-,-,-,0,-,-,-,-,-,-,,盤後
2021/3/25,TXO,202105,17900,買權,14.5,14.5,14.5,14.5,3,14.5,19,12,20.5,138,14.5,,一般
2021/3/25,TXO,202105,17900,買權,-,-,-,-,0,-,-,-,-,-,-,,盤後
2021/3/25,TXO,202105,17900,賣權,-,-,-,-,0,1930,0,-,-,-,-,,一般
2021/3/25,TXO,202105,17900,賣權,-,-,-,-,0,-,-,-,-,-,-,,盤後
2021/3/25,TXO,202105,18000,買權,13.5,13.5,13,13,11,13,103,10.5,14,120,12.5,,一般
2021/3/25,TXO,202105,18000,買權,12.5,13,12.5,13,2,-,-,3.5,14,120,12.5,,盤後
2021/3/25,TXO,202105,18000,賣權,-,-,-,-,0,2030,0,-,-,-,-,,一般
2021/3/25,TXO,202105,18000,賣權,-,-,-,-,0,-,-,-,-,-,-,,盤後
2021/3/25,TXO,202105,18100,買權,9.1,10.5,9.1,10.5,10,12,54,11,13,61,9.1,,一般
2021/3/25,TXO,202105,18100,買權,11,11.5,11,11.5,4,-,-,3.1,17,61,11,,盤後
2021/3/25,TXO,202105,18100,賣權,-,-,-,-,0,2130,0,-,-,-,-,,一般
2021/3/25,TXO,202105,18100,賣權,-,-,-,-,0,-,-,-,-,-,-,,盤後
2021/3/25,TXO,202105,18200,買權,8.2,8.2,8.2,8.2,5,10,46,8.3,12,76,8.2,,一般
2021/3/25,TXO,202105,18200,買權,10,10,10,10,1,-,-,2.5,13,76,10,,盤後
2021/3/25,TXO,202105,18200,賣權,-,-,-,-,0,2230,0,-,-,-,-,,一般
2021/3/25,TXO,202105,18200,賣權,-,-,-,-,0,-,-,-,-,-,-,,盤後
2021/3/25,TXO,202105,18300,買權,9.7,9.7,9.7,9.7,1,9.7,52,7.9,11,48,8,,一般
2021/3/25,TXO,202105,18300,買權,8,8.5,8,8.5,85,-,-,6.5,60,48,8,,盤後
2021/3/25,TXO,202105,18300,賣權,-,-,-,-,0,2330,0,-,-,-,-,,一般
2021/3/25,TXO,202105,18300,賣權,-,-,-,-,0,-,-,-,-,-,-,,盤後
2021/3/25,TXO,202105,18400,買權,8.8,8.8,6.6,6.6,21,6.6,199,6.7,13.5,29,6.6,,一般
2021/3/25,TXO,202105,18400,買權,-,-,-,-,0,-,-,-,-,-,-,,盤後
2021/3/25,TXO,202105,18400,賣權,-,-,-,-,0,2430,0,-,-,-,-,,一般
2021/3/25,TXO,202105,18400,賣權,-,-,-,-,0,-,-,-,-,-,-,,盤後
2021/3/25,TXO,202105,18500,買權,-,-,-,-,0,6.5,31,-,-,-,-,,一般
2021/3/25,TXO,202105,18500,買權,-,-,-,-,0,-,-,-,-,-,-,,盤後
2021/3/25,TXO,202105,18500,賣權,-,-,-,-,0,2530,0,-,-,-,-,,一般
2021/3/25,TXO,202105,18500,賣權,-,-,-,-,0,-,-,-,-,-,-,,盤後
2021/3/25,TXO,202105,18600,買權,4.8,6.3,4.8,6.3,26,6.3,16,6.3,12.5,62,4.8,,一般
2021/3/25,TXO,202105,18600,買權,-,-,-,-,0,-,-,-,-,-,-,,盤後
2021/3/25,TXO,202105,18600,賣權,-,-,-,-,0,2630,0,-,-,-,-,,一般
2021/3/25,TXO,202105,18600,賣權,-,-,-,-,0,-,-,-,-,-,-,,盤後
2021/3/25,TXO,202105,18700,買權,-,-,-,-,0,6.3,4,-,-,-,-,,一般
2021/3/25,TXO,202105,18700,買權,-,-,-,-,0,-,-,-,-,-,-,,盤後
2021/3/25,TXO,202105,18700,賣權,-,-,-,-,0,2730,0,-,-,-,-,,一般
2021/3/25,TXO,202105,18700,賣權,-,-,-,-,0,-,-,-,-,-,-,,盤後
2021/3/25,TXO,202105,18800,買權,5.6,6.4,5.6,6.4,7,6.3,18,4.1,11,120,5.6,,一般
2021/3/25,TXO,202105,18800,買權,-,-,-,-,0,-,-,-,-,-,-,,盤後
2021/3/25,TXO,202105,18800,賣權,-,-,-,-,0,2830,0,-,-,-,-,,一般
2021/3/25,TXO,202105,18800,賣權,-,-,-,-,0,-,-,-,-,-,-,,盤後
2021/3/25,TXO,202105,18900,買權,-,-,-,-,0,6.2,3,-,-,-,-,,一般
2021/3/25,TXO,202105,18900,買權,-,-,-,-,0,-,-,-,-,-,-,,盤後
2021/3/25,TXO,202105,18900,賣權,-,-,-,-,0,2930,0,-,-,-,-,,一般
2021/3/25,TXO,202105,18900,賣權,-,-,-,-,0,-,-,-,-,-,-,,盤後
2021/3/25,TXO,202105,19000,買權,4.8,4.8,4.8,4.8,1,6,30,4.9,7,290,4.8,,一般
2021/3/25,TXO,202105,19000,買權,-,-,-,-,0,-,-,-,-,-,-,,盤後
2021/3/25,TXO,202105,19000,賣權,-,-,-,-,0,3020,0,-,-,-,-,,一般
2021/3/25,TXO,202105,19000,賣權,-,-,-,-,0,-,-,-,-,-,-,,盤後
2021/3/25,TXO,202106,9600,買權,-,-,-,-,0,6330,0,-,-,-,-,,一般
2021/3/25,TXO,202106,9600,買權,-,-,-,-,0,-,-,-,-,-,-,,盤後
2021/3/25,TXO,202106,9600,賣權,7.2,9.6,7.2,9.6,4,9.6,2350,8.5,9.7,272,7.2,,一般
2021/3/25,TXO,202106,9600,賣權,9.3,10,9.3,9.9,4,-,-,8,11.5,272,7.8,,盤後
2021/3/25,TXO,202106,9800,買權,-,-,-,-,0,6130,10,-,-,-,-,,一般
2021/3/25,TXO,202106,9800,買權,-,-,-,-,0,-,-,-,-,-,-,,盤後
2021/3/25,TXO,202106,9800,賣權,-,-,-,-,0,9.8,1363,-,-,-,-,,一般
2021/3/25,TXO,202106,9800,賣權,-,-,-,-,0,-,-,-,-,-,-,,盤後
2021/3/25,TXO,202106,10000,買權,-,-,-,-,0,5930,52,-,-,-,-,,一般
2021/3/25,TXO,202106,10000,買權,-,-,-,-,0,-,-,-,-,-,-,,盤後
2021/3/25,TXO,202106,10000,賣權,9.1,9.1,9.1,9.1,3,10,668,10,13,351,8.3,,一般
2021/3/25,TXO,202106,10000,賣權,-,-,-,-,0,-,-,-,-,-,-,,盤後
2021/3/25,TXO,202106,10200,買權,-,-,-,-,0,5730,0,-,-,-,-,,一般
2021/3/25,TXO,202106,10200,買權,-,-,-,-,0,-,-,-,-,-,-,,盤後
2021/3/25,TXO,202106,10200,賣權,12,12,12,12,1,12,479,10,24.5,395,11,,一般
2021/3/25,TXO,202106,10200,賣權,27,27,27,27,2,-,-,8,200,395,11,,盤後
2021/3/25,TXO,202106,10400,買權,-,-,-,-,0,5530,0,-,-,-,-,,一般
2021/3/25,TXO,202106,10400,買權,-,-,-,-,0,-,-,-,-,-,-,,盤後
2021/3/25,TXO,202106,10400,賣權,-,-,-,-,0,13.5,339,-,-,-,-,,一般
2021/3/25,TXO,202106,10400,賣權,-,-,-,-,0,-,-,-,-,-,-,,盤後
2021/3/25,TXO,202106,10600,買權,-,-,-,-,0,5330,0,-,-,-,-,,一般
2021/3/25,TXO,202106,10600,買權,-,-,-,-,0,-,-,-,-,-,-,,盤後
2021/3/25,TXO,202106,10600,賣權,-,-,-,-,0,15,107,-,-,-,-,,一般
2021/3/25,TXO,202106,10600,賣權,-,-,-,-,0,-,-,-,-,-,-,,盤後
2021/3/25,TXO,202106,10800,買權,-,-,-,-,0,5130,17,-,-,-,-,,一般
2021/3/25,TXO,202106,10800,買權,-,-,-,-,0,-,-,-,-,-,-,,盤後
2021/3/25,TXO,202106,10800,賣權,18,18,17,17,10,17,197,3.9,27,515,12,,一般
2021/3/25,TXO,202106,10800,賣權,18,18,18,18,2,-,-,8.2,80,515,12,,盤後
2021/3/25,TXO,202106,11000,買權,-,-,-,-,0,4940,0,-,-,-,-,,一般
2021/3/25,TXO,202106,11000,買權,-,-,-,-,0,-,-,-,-,-,-,,盤後
2021/3/25,TXO,202106,11000,賣權,23,23,19,19,27,19,706,16,28.5,610,14,,一般
2021/3/25,TXO,202106,11000,賣權,-,-,-,-,0,-,-,-,-,-,-,,盤後
2021/3/25,TXO,202106,11200,買權,-,-,-,-,0,4740,0,-,-,-,-,,一般
2021/3/25,TXO,202106,11200,買權,-,-,-,-,0,-,-,-,-,-,-,,盤後
2021/3/25,TXO,202106,11200,賣權,15,15,15,15,1,20,178,16,29.5,620,15,,一般
2021/3/25,TXO,202106,11200,賣權,-,-,-,-,0,-,-,-,-,-,-,,盤後
2021/3/25,TXO,202106,11400,買權,-,-,-,-,0,4540,0,-,-,-,-,,一般
2021/3/25,TXO,202106,11400,買權,-,-,-,-,0,-,-,-,-,-,-,,盤後
2021/3/25,TXO,202106,11400,賣權,-,-,-,-,0,21.5,188,-,-,-,-,,一般
2021/3/25,TXO,202106,11400,賣權,-,-,-,-,0,-,-,-,-,-,-,,盤後
2021/3/25,TXO,202106,11600,買權,-,-,-,-,0,4340,0,-,-,-,-,,一般
2021/3/25,TXO,202106,11600,買權,-,-,-,-,0,-,-,-,-,-,-,,盤後
2021/3/25,TXO,202106,11600,賣權,-,-,-,-,0,22.5,103,-,-,-,-,,一般
2021/3/25,TXO,202106,11600,賣權,-,-,-,-,0,-,-,-,-,-,-,,盤後
2021/3/25,TXO,202106,11800,買權,-,-,-,-,0,4140,1,-,-,-,-,,一般
2021/3/25,TXO,202106,11800,買權,-,-,-,-,0,-,-,-,-,-,-,,盤後
2021/3/25,TXO,202106,11800,賣權,24,24,24,24,1,24,273,24.5,37,840,23,,一般
2021/3/25,TXO,202106,11800,賣權,-,-,-,-,0,-,-,-,-,-,-,,盤後
2021/3/25,TXO,202106,12000,買權,-,-,-,-,0,3950,50,-,-,-,-,,一般
2021/3/25,TXO,202106,12000,買權,-,-,-,-,0,-,-,-,-,-,-,,盤後
2021/3/25,TXO,202106,12000,賣權,30,30,29.5,29.5,3,29.5,582,25.5,39.5,950,25.5,,一般
2021/3/25,TXO,202106,12000,賣權,30.5,30.5,30.5,30.5,1,-,-,21.5,40,950,25.5,,盤後
2021/3/25,TXO,202106,12200,買權,-,-,-,-,0,3750,31,-,-,-,-,,一般
2021/3/25,TXO,202106,12200,買權,-,-,-,-,0,-,-,-,-,-,-,,盤後
2021/3/25,TXO,202106,12200,賣權,-,-,-,-,0,32.5,174,-,-,-,-,,一般
2021/3/25,TXO,202106,12200,賣權,34,34,34,34,1,-,-,29.5,-,1040,30,,盤後
2021/3/25,TXO,202106,12400,買權,-,-,-,-,0,3560,51,-,-,-,-,,一般
2021/3/25,TXO,202106,12400,買權,-,-,-,-,0,-,-,-,-,-,-,,盤後
2021/3/25,TXO,202106,12400,賣權,-,-,-,-,0,36,213,-,-,-,-,,一般
2021/3/25,TXO,202106,12400,賣權,-,-,-,-,0,-,-,-,-,-,-,,盤後
2021/3/25,TXO,202106,12600,買權,-,-,-,-,0,3360,45,-,-,-,-,,一般
2021/3/25,TXO,202106,12600,買權,-,-,-,-,0,-,-,-,-,-,-,,盤後
2021/3/25,TXO,202106,12600,賣權,-,-,-,-,0,40,154,-,-,-,-,,一般
2021/3/25,TXO,202106,12600,賣權,-,-,-,-,0,-,-,-,-,-,-,,盤後
2021/3/25,TXO,202106,12800,買權,-,-,-,-,0,3170,48,-,-,-,-,,一般
2021/3/25,TXO,202106,12800,買權,-,-,-,-,0,-,-,-,-,-,-,,盤後
2021/3/25,TXO,202106,12800,賣權,48.5,48.5,44.5,44.5,5,44.5,199,35,58,1390,36,,一般
2021/3/25,TXO,202106,12800,賣權,44,44,44,44,1,-,-,44,60,1390,36,,盤後
2021/3/25,TXO,202106,13000,買權,2820,2950,2820,2950,4,2980,118,2940,3090,3290,330,,一般
2021/3/25,TXO,202106,13000,買權,-,-,-,-,0,-,-,-,-,-,-,,盤後
2021/3/25,TXO,202106,13000,賣權,55,55,55,55,12,55,427,40,65,1170,45,,一般
2021/3/25,TXO,202106,13000,賣權,62,62,61,61,2,-,-,53,62,1170,45,,盤後
2021/3/25,TXO,202106,13200,買權,-,-,-,-,0,2790,93,-,-,-,-,,一般
2021/3/25,TXO,202106,13200,買權,-,-,-,-,0,-,-,-,-,-,-,,盤後
2021/3/25,TXO,202106,13200,賣權,-,-,-,-,0,66,329,-,-,-,-,,一般
2021/3/25,TXO,202106,13200,賣權,-,-,-,-,0,-,-,-,-,-,-,,盤後
2021/3/25,TXO,202106,13400,買權,-,-,-,-,0,2600,41,-,-,-,-,,一般
2021/3/25,TXO,202106,13400,買權,-,-,-,-,0,-,-,-,-,-,-,,盤後
2021/3/25,TXO,202106,13400,賣權,-,-,-,-,0,79,73,-,-,-,-,,一般
2021/3/25,TXO,202106,13400,賣權,-,-,-,-,0,-,-,-,-,-,-,,盤後
2021/3/25,TXO,202106,13600,買權,-,-,-,-,0,2420,129,-,-,-,-,,一般
2021/3/25,TXO,202106,13600,買權,-,-,-,-,0,-,-,-,-,-,-,,盤後
2021/3/25,TXO,202106,13600,賣權,-,-,-,-,0,95,331,-,-,-,-,,一般
2021/3/25,TXO,202106,13600,賣權,-,-,-,-,0,-,-,-,-,-,-,,盤後
2021/3/25,TXO,202106,13700,買權,-,-,-,-,0,2320,0,-,-,-,-,,一般
2021/3/25,TXO,202106,13700,買權,-,-,-,-,0,-,-,-,-,-,-,,盤後
2021/3/25,TXO,202106,13700,賣權,-,-,-,-,0,100,2,-,-,-,-,,一般
2021/3/25,TXO,202106,13700,賣權,-,-,-,-,0,-,-,-,-,-,-,,盤後
2021/3/25,TXO,202106,13800,買權,-,-,-,-,0,2230,37,-,-,-,-,,一般
2021/3/25,TXO,202106,13800,買權,-,-,-,-,0,-,-,-,-,-,-,,盤後
2021/3/25,TXO,202106,13800,賣權,106,106,105,105,4,105,371,88,111,1520,78,,一般
2021/3/25,TXO,202106,13800,賣權,-,-,-,-,0,-,-,-,-,-,-,,盤後
2021/3/25,TXO,202106,13900,買權,-,-,-,-,0,2130,0,-,-,-,-,,一般
2021/3/25,TXO,202106,13900,買權,-,-,-,-,0,-,-,-,-,-,-,,盤後
2021/3/25,TXO,202106,13900,賣權,109,109,109,109,1,109,123,40.5,119,115,83,,一般
2021/3/25,TXO,202106,13900,賣權,-,-,-,-,0,-,-,-,-,-,-,,盤後
2021/3/25,TXO,202106,14000,買權,-,-,-,-,0,2040,77,-,-,-,-,,一般
2021/3/25,TXO,202106,14000,買權,-,-,-,-,0,-,-,-,-,-,-,,盤後
2021/3/25,TXO,202106,14000,賣權,127,127,127,127,1,118,1117,110,127,1060,96,,一般
2021/3/25,TXO,202106,14000,賣權,-,-,-,-,0,-,-,-,-,-,-,,盤後
2021/3/25,TXO,202106,14100,買權,-,-,-,-,0,1950,0,-,-,-,-,,一般
2021/3/25,TXO,202106,14100,買權,-,-,-,-,0,-,-,-,-,-,-,,盤後
2021/3/25,TXO,202106,14100,賣權,-,-,-,-,0,127,0,-,-,-,-,,一般
2021/3/25,TXO,202106,14100,賣權,-,-,-,-,0,-,-,-,-,-,-,,盤後
2021/3/25,TXO,202106,14200,買權,-,-,-,-,0,1860,80,-,-,-,-,,一般
2021/3/25,TXO,202106,14200,買權,-,-,-,-,0,-,-,-,-,-,-,,盤後
2021/3/25,TXO,202106,14200,賣權,-,-,-,-,0,138,299,-,-,-,-,,一般
2021/3/25,TXO,202106,14200,賣權,-,-,-,-,0,-,-,-,-,-,-,,盤後
2021/3/25,TXO,202106,14300,買權,-,-,-,-,0,1770,0,-,-,-,-,,一般
2021/3/25,TXO,202106,14300,買權,-,-,-,-,0,-,-,-,-,-,-,,盤後
2021/3/25,TXO,202106,14300,賣權,-,-,-,-,0,149,0,-,-,-,-,,一般
2021/3/25,TXO,202106,14300,賣權,-,-,-,-,0,-,-,-,-,-,-,,盤後
2021/3/25,TXO,202106,14400,買權,-,-,-,-,0,1680,52,-,-,-,-,,一般
2021/3/25,TXO,202106,14400,買權,-,-,-,-,0,-,-,-,-,-,-,,盤後
2021/3/25,TXO,202106,14400,賣權,-,-,-,-,0,161,89,-,-,-,-,,一般
2021/3/25,TXO,202106,14400,賣權,-,-,-,-,0,-,-,-,-,-,-,,盤後
2021/3/25,TXO,202106,14500,買權,-,-,-,-,0,1600,0,-,-,-,-,,一般
2021/3/25,TXO,202106,14500,買權,-,-,-,-,0,-,-,-,-,-,-,,盤後
2021/3/25,TXO,202106,14500,賣權,-,-,-,-,0,174,0,-,-,-,-,,一般
2021/3/25,TXO,202106,14500,賣權,-,-,-,-,0,-,-,-,-,-,-,,盤後
2021/3/25,TXO,202106,14600,買權,-,-,-,-,0,1510,28,-,-,-,-,,一般
2021/3/25,TXO,202106,14600,買權,-,-,-,-,0,-,-,-,-,-,-,,盤後
2021/3/25,TXO,202106,14600,賣權,-,-,-,-,0,188,236,-,-,-,-,,一般
2021/3/25,TXO,202106,14600,賣權,-,-,-,-,0,-,-,-,-,-,-,,盤後
2021/3/25,TXO,202106,14700,買權,-,-,-,-,0,1430,1,-,-,-,-,,一般
2021/3/25,TXO,202106,14700,買權,-,-,-,-,0,-,-,-,-,-,-,,盤後
2021/3/25,TXO,202106,14700,賣權,232,232,203,203,4,203,15,202,220,243,185,,一般
2021/3/25,TXO,202106,14700,賣權,-,-,-,-,0,-,-,-,-,-,-,,盤後
2021/3/25,TXO,202106,14800,買權,-,-,-,-,0,1350,37,-,-,-,-,,一般
2021/3/25,TXO,202106,14800,買權,-,-,-,-,0,-,-,-,-,-,-,,盤後
2021/3/25,TXO,202106,14800,賣權,-,-,-,-,0,222,83,-,-,-,-,,一般
2021/3/25,TXO,202106,14800,賣權,-,-,-,-,0,-,-,-,-,-,-,,盤後
2021/3/25,TXO,202106,14900,買權,-,-,-,-,0,1270,0,-,-,-,-,,一般
2021/3/25,TXO,202106,14900,買權,-,-,-,-,0,-,-,-,-,-,-,,盤後
2021/3/25,TXO,202106,14900,賣權,240,242,240,242,3,242,9,124,256,253,200,,一般
2021/3/25,TXO,202106,14900,賣權,-,-,-,-,0,-,-,-,-,-,-,,盤後
2021/3/25,TXO,202106,15000,買權,1140,1150,1140,1150,4,1190,102,1160,1210,1600,41.5,,一般
2021/3/25,TXO,202106,15000,買權,-,-,-,-,0,-,-,-,-,-,-,,盤後
2021/3/25,TXO,202106,15000,賣權,265,267,260,267,6,267,718,139,278,910,213,,一般
2021/3/25,TXO,202106,15000,賣權,278,278,278,278,2,-,-,82,-,910,213,,盤後
2021/3/25,TXO,202106,15100,買權,-,-,-,-,0,1110,0,-,-,-,-,,一般
2021/3/25,TXO,202106,15100,買權,-,-,-,-,0,-,-,-,-,-,-,,盤後
2021/3/25,TXO,202106,15100,賣權,-,-,-,-,0,281,4,-,-,-,-,,一般
2021/3/25,TXO,202106,15100,賣權,-,-,-,-,0,-,-,-,-,-,-,,盤後
2021/3/25,TXO,202106,15200,買權,-,-,-,-,0,1020,4,-,-,-,-,,一般
2021/3/25,TXO,202106,15200,買權,-,-,-,-,0,-,-,-,-,-,-,,盤後
2021/3/25,TXO,202106,15200,賣權,297,297,297,297,20,297,87,251,326,970,277,,一般
2021/3/25,TXO,202106,15200,賣權,313,315,313,315,37,-,-,205,-,970,277,,盤後
2021/3/25,TXO,202106,15300,買權,975,975,975,975,20,945,20,935,975,975,975,,一般
2021/3/25,TXO,202106,15300,買權,-,-,-,-,0,-,-,-,-,-,-,,盤後
2021/3/25,TXO,202106,15300,賣權,376,379,323,323,59,323,35,319,353,379,323,,一般
2021/3/25,TXO,202106,15300,賣權,365,365,363,363,24,-,-,112,-,365,363,,盤後
2021/3/25,TXO,202106,15400,買權,-,-,-,-,0,875,56,-,-,-,-,,一般
2021/3/25,TXO,202106,15400,買權,880,880,880,880,1,-,-,177,-,1160,41.5,,盤後
2021/3/25,TXO,202106,15400,賣權,352,352,352,352,20,352,94,350,383,1070,313,,一般
2021/3/25,TXO,202106,15400,賣權,-,-,-,-,0,-,-,-,-,-,-,,盤後
2021/3/25,TXO,202106,15500,買權,840,840,840,840,20,810,22,795,980,935,785,,一般
2021/3/25,TXO,202106,15500,買權,815,815,800,800,2,-,-,155,-,935,785,,盤後
2021/3/25,TXO,202106,15500,賣權,384,384,384,384,20,384,22,221,415,423,365,,一般
2021/3/25,TXO,202106,15500,賣權,423,423,423,423,1,-,-,132,-,423,365,,盤後
2021/3/25,TXO,202106,15600,買權,-,-,-,-,0,750,1675,-,-,-,-,,一般
2021/3/25,TXO,202106,15600,買權,-,-,-,-,0,-,-,-,-,-,-,,盤後
2021/3/25,TXO,202106,15600,賣權,488,488,418,418,31,425,1933,425,451,1180,375,,一般
2021/3/25,TXO,202106,15600,賣權,-,-,-,-,0,-,-,-,-,-,-,,盤後
2021/3/25,TXO,202106,15700,買權,710,710,710,710,20,680,21,670,705,735,645,,一般
2021/3/25,TXO,202106,15700,買權,-,-,-,-,0,-,-,-,-,-,-,,盤後
2021/3/25,TXO,202106,15700,賣權,-,-,-,-,0,455,16,-,-,-,-,,一般
2021/3/25,TXO,202106,15700,賣權,-,-,-,-,0,-,-,-,-,-,-,,盤後
2021/3/25,TXO,202106,15800,買權,-,-,-,-,0,620,91,-,-,-,-,,一般
2021/3/25,TXO,202106,15800,買權,-,-,-,-,0,-,-,-,-,-,-,,盤後
2021/3/25,TXO,202106,15800,賣權,530,545,495,495,22,495,68,336,530,1290,495,,一般
2021/3/25,TXO,202106,15800,賣權,515,515,515,515,2,-,-,177,-,1290,495,,盤後
2021/3/25,TXO,202106,15900,買權,500,530,500,530,3,550,30,550,590,750,500,,一般
2021/3/25,TXO,202106,15900,買權,545,550,545,550,10,-,-,96,-,750,545,,盤後
2021/3/25,TXO,202106,15900,賣權,-,-,-,-,0,525,20,-,-,-,-,,一般
2021/3/25,TXO,202106,15900,賣權,-,-,-,-,0,-,-,-,-,-,-,,盤後
2021/3/25,TXO,202106,16000,買權,475,535,475,500,30,500,128,500,535,910,365,,一般
2021/3/25,TXO,202106,16000,買權,-,-,-,-,0,-,-,-,-,-,-,,盤後
2021/3/25,TXO,202106,16000,賣權,675,675,590,590,2,575,103,432,620,1230,485,,一般
2021/3/25,TXO,202106,16000,賣權,-,-,-,-,0,-,-,-,-,-,-,,盤後
2021/3/25,TXO,202106,16100,買權,-,-,-,-,0,452,15,-,-,-,-,,一般
2021/3/25,TXO,202106,16100,買權,435,435,422,422,2,-,-,73,-,570,422,,盤後
2021/3/25,TXO,202106,16100,賣權,-,-,-,-,0,625,1,-,-,-,-,,一般
2021/3/25,TXO,202106,16100,賣權,-,-,-,-,0,-,-,-,-,-,-,,盤後
2021/3/25,TXO,202106,16200,買權,413,413,407,407,11,407,181,401,434,805,20.5,,一般
2021/3/25,TXO,202106,16200,買權,-,-,-,-,0,-,-,-,-,-,-,,盤後
2021/3/25,TXO,202106,16200,賣權,675,675,675,675,20,680,37,540,720,1630,580,,一般
2021/3/25,TXO,202106,16200,賣權,-,-,-,-,0,-,-,-,-,-,-,,盤後
2021/3/25,TXO,202106,16300,買權,318,318,318,318,6,356,59,356,560,439,318,,一般
2021/3/25,TXO,202106,16300,買權,367,370,367,370,7,-,-,55,-,439,348,,盤後
2021/3/25,TXO,202106,16300,賣權,-,-,-,-,0,730,4,-,-,-,-,,一般
2021/3/25,TXO,202106,16300,賣權,-,-,-,-,0,-,-,-,-,-,-,,盤後
2021/3/25,TXO,202106,16400,買權,319,345,319,319,12,319,98,316,345,660,241,,一般
2021/3/25,TXO,202106,16400,買權,323,323,320,320,3,-,-,49,-,660,241,,盤後
2021/3/25,TXO,202106,16400,賣權,880,880,880,880,1,795,30,790,830,1090,680,,一般
2021/3/25,TXO,202106,16400,賣權,-,-,-,-,0,-,-,-,-,-,-,,盤後
2021/3/25,TXO,202106,16500,買權,248,298,248,284,55,284,55,277,307,380,248,,一般
2021/3/25,TXO,202106,16500,買權,297,299,284,284,6,-,-,43,301,380,284,,盤後
2021/3/25,TXO,202106,16500,賣權,-,-,-,-,0,860,6,-,-,-,-,,一般
2021/3/25,TXO,202106,16500,賣權,-,-,-,-,0,-,-,-,-,-,-,,盤後
2021/3/25,TXO,202106,16600,買權,-,-,-,-,0,253,680,-,-,-,-,,一般
2021/3/25,TXO,202106,16600,買權,250,250,235,235,2,-,-,100,280,595,10,,盤後
2021/3/25,TXO,202106,16600,賣權,-,-,-,-,0,925,1,-,-,-,-,,一般
2021/3/25,TXO,202106,16600,賣權,-,-,-,-,0,-,-,-,-,-,-,,盤後
2021/3/25,TXO,202106,16700,買權,-,-,-,-,0,225,2,-,-,-,-,,一般
2021/3/25,TXO,202106,16700,買權,-,-,-,-,0,-,-,-,-,-,-,,盤後
2021/3/25,TXO,202106,16700,賣權,-,-,-,-,0,1000,20,-,-,-,-,,一般
2021/3/25,TXO,202106,16700,賣權,-,-,-,-,0,-,-,-,-,-,-,,盤後
2021/3/25,TXO,202106,16800,買權,-,-,-,-,0,199,103,-,-,-,-,,一般
2021/3/25,TXO,202106,16800,買權,-,-,-,-,0,-,-,-,-,-,-,,盤後
2021/3/25,TXO,202106,16800,賣權,-,-,-,-,0,1070,0,-,-,-,-,,一般
2021/3/25,TXO,202106,16800,賣權,-,-,-,-,0,-,-,-,-,-,-,,盤後
2021/3/25,TXO,202106,16900,買權,176,176,176,176,1,176,1,155,185,176,176,,一般
2021/3/25,TXO,202106,16900,買權,-,-,-,-,0,-,-,-,-,-,-,,盤後
2021/3/25,TXO,202106,16900,賣權,-,-,-,-,0,1150,0,-,-,-,-,,一般
2021/3/25,TXO,202106,16900,賣權,-,-,-,-,0,-,-,-,-,-,-,,盤後
2021/3/25,TXO,202106,17000,買權,145,160,141,148,9,148,3243,136,162,452,20,,一般
2021/3/25,TXO,202106,17000,買權,147,147,147,147,1,-,-,100,158,452,20,,盤後
2021/3/25,TXO,202106,17000,賣權,-,-,-,-,0,1220,3,-,-,-,-,,一般
2021/3/25,TXO,202106,17000,賣權,-,-,-,-,0,-,-,-,-,-,-,,盤後
2021/3/25,TXO,202106,17100,買權,111,116,111,116,3,128,6,115,142,180,111,,一般
2021/3/25,TXO,202106,17100,買權,-,-,-,-,0,-,-,-,-,-,-,,盤後
2021/3/25,TXO,202106,17100,賣權,-,-,-,-,0,1300,0,-,-,-,-,,一般
2021/3/25,TXO,202106,17100,賣權,-,-,-,-,0,-,-,-,-,-,-,,盤後
2021/3/25,TXO,202106,17200,買權,98,114,98,114,2,110,71,96,123,354,98,,一般
2021/3/25,TXO,202106,17200,買權,108,108,108,108,1,-,-,44,124,354,106,,盤後
2021/3/25,TXO,202106,17200,賣權,-,-,-,-,0,1380,1,-,-,-,-,,一般
2021/3/25,TXO,202106,17200,賣權,-,-,-,-,0,-,-,-,-,-,-,,盤後
2021/3/25,TXO,202106,17300,買權,-,-,-,-,0,94,7,-,-,-,-,,一般
2021/3/25,TXO,202106,17300,買權,-,-,-,-,0,-,-,-,-,-,-,,盤後
2021/3/25,TXO,202106,17300,賣權,-,-,-,-,0,1470,0,-,-,-,-,,一般
2021/3/25,TXO,202106,17300,賣權,-,-,-,-,0,-,-,-,-,-,-,,盤後
2021/3/25,TXO,202106,17400,買權,70,86,70,86,4,80,2424,82,89,330,15,,一般
2021/3/25,TXO,202106,17400,買權,-,-,-,-,0,-,-,-,-,-,-,,盤後
2021/3/25,TXO,202106,17400,賣權,-,-,-,-,0,1550,0,-,-,-,-,,一般
2021/3/25,TXO,202106,17400,賣權,-,-,-,-,0,-,-,-,-,-,-,,盤後
2021/3/25,TXO,202106,17500,買權,67,69,67,68,62,68,66,59,85,122,67,,一般
2021/3/25,TXO,202106,17500,買權,-,-,-,-,0,-,-,-,-,-,-,,盤後
2021/3/25,TXO,202106,17500,賣權,-,-,-,-,0,1640,0,-,-,-,-,,一般
2021/3/25,TXO,202106,17500,賣權,-,-,-,-,0,-,-,-,-,-,-,,盤後
2021/3/25,TXO,202106,17600,買權,57,69,56,56,4,59,108,50,69,260,56,,一般
2021/3/25,TXO,202106,17600,買權,-,-,-,-,0,-,-,-,-,-,-,,盤後
2021/3/25,TXO,202106,17600,賣權,-,-,-,-,0,1730,0,-,-,-,-,,一般
2021/3/25,TXO,202106,17600,賣權,-,-,-,-,0,-,-,-,-,-,-,,盤後
2021/3/25,TXO,202106,17700,買權,52,52,52,52,1,52,67,40.5,55,99,52,,一般
2021/3/25,TXO,202106,17700,買權,-,-,-,-,0,-,-,-,-,-,-,,盤後
2021/3/25,TXO,202106,17700,賣權,-,-,-,-,0,1820,0,-,-,-,-,,一般
2021/3/25,TXO,202106,17700,賣權,-,-,-,-,0,-,-,-,-,-,-,,盤後
2021/3/25,TXO,202106,17800,買權,-,-,-,-,0,45,175,-,-,-,-,,一般
2021/3/25,TXO,202106,17800,買權,-,-,-,-,0,-,-,-,-,-,-,,盤後
2021/3/25,TXO,202106,17800,賣權,-,-,-,-,0,1920,0,-,-,-,-,,一般
2021/3/25,TXO,202106,17800,賣權,-,-,-,-,0,-,-,-,-,-,-,,盤後
2021/3/25,TXO,202106,17900,買權,-,-,-,-,0,39,62,-,-,-,-,,一般
2021/3/25,TXO,202106,17900,買權,-,-,-,-,0,-,-,-,-,-,-,,盤後
2021/3/25,TXO,202106,17900,賣權,-,-,-,-,0,2010,0,-,-,-,-,,一般
2021/3/25,TXO,202106,17900,賣權,-,-,-,-,0,-,-,-,-,-,-,,盤後
2021/3/25,TXO,202106,18000,買權,29,36,29,34,16,34,232,32,49,179,29,,一般
2021/3/25,TXO,202106,18000,買權,34,34,30,30,2,-,-,29.5,34,179,30,,盤後
2021/3/25,TXO,202106,18000,賣權,-,-,-,-,0,2110,0,-,-,-,-,,一般
2021/3/25,TXO,202106,18000,賣權,-,-,-,-,0,-,-,-,-,-,-,,盤後
2021/3/25,TXO,202106,18100,買權,30,31,30,31,3,31,5,30,45,60,30,,一般
2021/3/25,TXO,202106,18100,買權,-,-,-,-,0,-,-,-,-,-,-,,盤後
2021/3/25,TXO,202106,18100,賣權,-,-,-,-,0,2200,0,-,-,-,-,,一般
2021/3/25,TXO,202106,18100,賣權,-,-,-,-,0,-,-,-,-,-,-,,盤後
2021/3/25,TXO,202106,18200,買權,-,-,-,-,0,28,99,-,-,-,-,,一般
2021/3/25,TXO,202106,18200,買權,-,-,-,-,0,-,-,-,-,-,-,,盤後
2021/3/25,TXO,202106,18200,賣權,-,-,-,-,0,2300,169,-,-,-,-,,一般
2021/3/25,TXO,202106,18200,賣權,-,-,-,-,0,-,-,-,-,-,-,,盤後
2021/3/25,TXO,202106,18300,買權,-,-,-,-,0,25,1,-,-,-,-,,一般
2021/3/25,TXO,202106,18300,買權,-,-,-,-,0,-,-,-,-,-,-,,盤後
2021/3/25,TXO,202106,18300,賣權,-,-,-,-,0,2400,0,-,-,-,-,,一般
2021/3/25,TXO,202106,18300,賣權,-,-,-,-,0,-,-,-,-,-,-,,盤後
2021/3/25,TXO,202106,18400,買權,-,-,-,-,0,23,15,-,-,-,-,,一般
2021/3/25,TXO,202106,18400,買權,-,-,-,-,0,-,-,-,-,-,-,,盤後
2021/3/25,TXO,202106,18400,賣權,-,-,-,-,0,2490,0,-,-,-,-,,一般
2021/3/25,TXO,202106,18400,賣權,-,-,-,-,0,-,-,-,-,-,-,,盤後
2021/3/25,TXO,202106,18500,買權,-,-,-,-,0,20.5,0,-,-,-,-,,一般
2021/3/25,TXO,202106,18500,買權,-,-,-,-,0,-,-,-,-,-,-,,盤後
2021/3/25,TXO,202106,18500,賣權,-,-,-,-,0,2590,0,-,-,-,-,,一般
2021/3/25,TXO,202106,18500,賣權,-,-,-,-,0,-,-,-,-,-,-,,盤後
2021/3/25,TXO,202106,18600,買權,-,-,-,-,0,18.5,61,-,-,-,-,,一般
2021/3/25,TXO,202106,18600,買權,-,-,-,-,0,-,-,-,-,-,-,,盤後
2021/3/25,TXO,202106,18600,賣權,-,-,-,-,0,2690,0,-,-,-,-,,一般
2021/3/25,TXO,202106,18600,賣權,-,-,-,-,0,-,-,-,-,-,-,,盤後
2021/3/25,TXO,202106,18700,買權,-,-,-,-,0,17,1,-,-,-,-,,一般
2021/3/25,TXO,202106,18700,買權,-,-,-,-,0,-,-,-,-,-,-,,盤後
2021/3/25,TXO,202106,18700,賣權,-,-,-,-,0,2790,0,-,-,-,-,,一般
2021/3/25,TXO,202106,18700,賣權,-,-,-,-,0,-,-,-,-,-,-,,盤後
2021/3/25,TXO,202106,18800,買權,15.5,15.5,15.5,15.5,1,15.5,70,5.2,28.5,100,15.5,,一般
2021/3/25,TXO,202106,18800,買權,-,-,-,-,0,-,-,-,-,-,-,,盤後
2021/3/25,TXO,202106,18800,賣權,-,-,-,-,0,2890,0,-,-,-,-,,一般
2021/3/25,TXO,202106,18800,賣權,-,-,-,-,0,-,-,-,-,-,-,,盤後
2021/3/25,TXO,202106,19000,買權,15,15,14.5,14.5,2,14.5,290,11.5,25,72,12.5,,一般
2021/3/25,TXO,202106,19000,買權,12.5,13.5,12.5,13.5,8,-,-,12.5,50,72,12.5,,盤後
2021/3/25,TXO,202106,19000,賣權,-,-,-,-,0,3090,0,-,-,-,-,,一般
2021/3/25,TXO,202106,19000,賣權,-,-,-,-,0,-,-,-,-,-,-,,盤後
2021/3/25,TXO,202106,19200,買權,-,-,-,-,0,13,155,-,-,-,-,,一般
2021/3/25,TXO,202106,19200,買權,-,-,-,-,0,-,-,-,-,-,-,,盤後
2021/3/25,TXO,202106,19200,賣權,-,-,-,-,0,3280,0,-,-,-,-,,一般
2021/3/25,TXO,202106,19200,賣權,-,-,-,-,0,-,-,-,-,-,-,,盤後
2021/3/25,TXO,202106,19400,買權,-,-,-,-,0,12,167,-,-,-,-,,一般
2021/3/25,TXO,202106,19400,買權,-,-,-,-,0,-,-,-,-,-,-,,盤後
2021/3/25,TXO,202106,19400,賣權,-,-,-,-,0,3480,0,-,-,-,-,,一般
2021/3/25,TXO,202106,19400,賣權,-,-,-,-,0,-,-,-,-,-,-,,盤後
2021/3/25,TXO,202106,19600,買權,-,-,-,-,0,11,149,-,-,-,-,,一般
2021/3/25,TXO,202106,19600,買權,-,-,-,-,0,-,-,-,-,-,-,,盤後
2021/3/25,TXO,202106,19600,賣權,-,-,-,-,0,3680,0,-,-,-,-,,一般
2021/3/25,TXO,202106,19600,賣權,-,-,-,-,0,-,-,-,-,-,-,,盤後
2021/3/25,TXO,202106,19800,買權,9,10,9,10,163,10,1260,7,9.8,38,6.1,,一般
2021/3/25,TXO,202106,19800,買權,8.3,8.3,8.3,8.3,1,-,-,5.8,8.3,38,6.1,,盤後
2021/3/25,TXO,202106,19800,賣權,-,-,-,-,0,3880,0,-,-,-,-,,一般
2021/3/25,TXO,202106,19800,賣權,-,-,-,-,0,-,-,-,-,-,-,,盤後
2021/3/25,TXO,202109,11200,買權,-,-,-,-,0,4340,0,-,-,-,-,,一般
2021/3/25,TXO,202109,11200,買權,-,-,-,-,0,-,-,-,-,-,-,,盤後
2021/3/25,TXO,202109,11200,賣權,87,90,86,88,35,88,823,86,90,235,78,,一般
2021/3/25,TXO,202109,11200,賣權,89,89,84,89,5,-,-,85,93,235,78,,盤後
2021/3/25,TXO,202109,11400,買權,-,-,-,-,0,4150,0,-,-,-,-,,一般
2021/3/25,TXO,202109,11400,買權,-,-,-,-,0,-,-,-,-,-,-,,盤後
2021/3/25,TXO,202109,11400,賣權,-,-,-,-,0,97,116,-,-,-,-,,一般
2021/3/25,TXO,202109,11400,賣權,-,-,-,-,0,-,-,-,-,-,-,,盤後
2021/3/25,TXO,202109,11600,買權,-,-,-,-,0,3960,0,-,-,-,-,,一般
2021/3/25,TXO,202109,11600,買權,-,-,-,-,0,-,-,-,-,-,-,,盤後
2021/3/25,TXO,202109,11600,賣權,-,-,-,-,0,108,12,-,-,-,-,,一般
2021/3/25,TXO,202109,11600,賣權,-,-,-,-,0,-,-,-,-,-,-,,盤後
2021/3/25,TXO,202109,11800,買權,-,-,-,-,0,3770,0,-,-,-,-,,一般
2021/3/25,TXO,202109,11800,買權,-,-,-,-,0,-,-,-,-,-,-,,盤後
2021/3/25,TXO,202109,11800,賣權,-,-,-,-,0,119,89,-,-,-,-,,一般
2021/3/25,TXO,202109,11800,賣權,-,-,-,-,0,-,-,-,-,-,-,,盤後
2021/3/25,TXO,202109,12000,買權,-,-,-,-,0,3580,3,-,-,-,-,,一般
2021/3/25,TXO,202109,12000,買權,-,-,-,-,0,-,-,-,-,-,-,,盤後
2021/3/25,TXO,202109,12000,賣權,-,-,-,-,0,130,120,-,-,-,-,,一般
2021/3/25,TXO,202109,12000,賣權,111,111,111,111,1,-,-,109,220,336,108,,盤後
2021/3/25,TXO,202109,12200,買權,-,-,-,-,0,3400,0,-,-,-,-,,一般
2021/3/25,TXO,202109,12200,買權,-,-,-,-,0,-,-,-,-,-,-,,盤後
2021/3/25,TXO,202109,12200,賣權,-,-,-,-,0,145,10,-,-,-,-,,一般
2021/3/25,TXO,202109,12200,賣權,-,-,-,-,0,-,-,-,-,-,-,,盤後
2021/3/25,TXO,202109,12400,買權,-,-,-,-,0,3210,0,-,-,-,-,,一般
2021/3/25,TXO,202109,12400,買權,-,-,-,-,0,-,-,-,-,-,-,,盤後
2021/3/25,TXO,202109,12400,賣權,-,-,-,-,0,160,5,-,-,-,-,,一般
2021/3/25,TXO,202109,12400,賣權,168,168,168,168,1,-,-,105,311,436,144,,盤後
2021/3/25,TXO,202109,12600,買權,-,-,-,-,0,3030,0,-,-,-,-,,一般
2021/3/25,TXO,202109,12600,買權,-,-,-,-,0,-,-,-,-,-,-,,盤後
2021/3/25,TXO,202109,12600,賣權,177,177,177,177,1,177,32,157,186,510,177,,一般
2021/3/25,TXO,202109,12600,賣權,-,-,-,-,0,-,-,-,-,-,-,,盤後
2021/3/25,TXO,202109,12800,買權,-,-,-,-,0,2850,0,-,-,-,-,,一般
2021/3/25,TXO,202109,12800,買權,-,-,-,-,0,-,-,-,-,-,-,,盤後
2021/3/25,TXO,202109,12800,賣權,-,-,-,-,0,198,60,-,-,-,-,,一般
2021/3/25,TXO,202109,12800,賣權,-,-,-,-,0,-,-,-,-,-,-,,盤後
2021/3/25,TXO,202109,13000,買權,-,-,-,-,0,2680,14,-,-,-,-,,一般
2021/3/25,TXO,202109,13000,買權,-,-,-,-,0,-,-,-,-,-,-,,盤後
2021/3/25,TXO,202109,13000,賣權,-,-,-,-,0,222,162,-,-,-,-,,一般
2021/3/25,TXO,202109,13000,賣權,-,-,-,-,0,-,-,-,-,-,-,,盤後
2021/3/25,TXO,202109,13200,買權,-,-,-,-,0,2500,0,-,-,-,-,,一般
2021/3/25,TXO,202109,13200,買權,-,-,-,-,0,-,-,-,-,-,-,,盤後
2021/3/25,TXO,202109,13200,賣權,-,-,-,-,0,248,29,-,-,-,-,,一般
2021/3/25,TXO,202109,13200,賣權,-,-,-,-,0,-,-,-,-,-,-,,盤後
2021/3/25,TXO,202109,13400,買權,-,-,-,-,0,2330,13,-,-,-,-,,一般
2021/3/25,TXO,202109,13400,買權,-,-,-,-,0,-,-,-,-,-,-,,盤後
2021/3/25,TXO,202109,13400,賣權,-,-,-,-,0,277,40,-,-,-,-,,一般
2021/3/25,TXO,202109,13400,賣權,-,-,-,-,0,-,-,-,-,-,-,,盤後
2021/3/25,TXO,202109,13600,買權,-,-,-,-,0,2170,58,-,-,-,-,,一般
2021/3/25,TXO,202109,13600,買權,-,-,-,-,0,-,-,-,-,-,-,,盤後
2021/3/25,TXO,202109,13600,賣權,-,-,-,-,0,309,149,-,-,-,-,,一般
2021/3/25,TXO,202109,13600,賣權,-,-,-,-,0,-,-,-,-,-,-,,盤後
2021/3/25,TXO,202109,13800,買權,-,-,-,-,0,2000,32,-,-,-,-,,一般
2021/3/25,TXO,202109,13800,買權,-,-,-,-,0,-,-,-,-,-,-,,盤後
2021/3/25,TXO,202109,13800,賣權,380,380,363,363,16,345,30,315,345,920,355,,一般
2021/3/25,TXO,202109,13800,賣權,-,-,-,-,0,-,-,-,-,-,-,,盤後
2021/3/25,TXO,202109,14000,買權,-,-,-,-,0,1840,27,-,-,-,-,,一般
2021/3/25,TXO,202109,14000,買權,1840,1840,1840,1840,1,-,-,-,-,2220,530,,盤後
2021/3/25,TXO,202109,14000,賣權,387,395,387,391,16,384,48,347,384,990,338,,一般
2021/3/25,TXO,202109,14000,賣權,-,-,-,-,0,-,-,-,-,-,-,,盤後
2021/3/25,TXO,202109,14200,買權,-,-,-,-,0,1690,7,-,-,-,-,,一般
2021/3/25,TXO,202109,14200,買權,-,-,-,-,0,-,-,-,-,-,-,,盤後
2021/3/25,TXO,202109,14200,賣權,450,450,450,450,2,430,34,398,430,1260,420,,一般
2021/3/25,TXO,202109,14200,賣權,-,-,-,-,0,-,-,-,-,-,-,,盤後
2021/3/25,TXO,202109,14400,買權,-,-,-,-,0,1540,53,-,-,-,-,,一般
2021/3/25,TXO,202109,14400,買權,-,-,-,-,0,-,-,-,-,-,-,,盤後
2021/3/25,TXO,202109,14400,賣權,-,-,-,-,0,478,196,-,-,-,-,,一般
2021/3/25,TXO,202109,14400,賣權,-,-,-,-,0,-,-,-,-,-,-,,盤後
2021/3/25,TXO,202109,14600,買權,-,-,-,-,0,1390,74,-,-,-,-,,一般
2021/3/25,TXO,202109,14600,買權,-,-,-,-,0,-,-,-,-,-,-,,盤後
2021/3/25,TXO,202109,14600,賣權,-,-,-,-,0,530,213,-,-,-,-,,一般
2021/3/25,TXO,202109,14600,賣權,-,-,-,-,0,-,-,-,-,-,-,,盤後
2021/3/25,TXO,202109,14800,買權,-,-,-,-,0,1250,57,-,-,-,-,,一般
2021/3/25,TXO,202109,14800,買權,-,-,-,-,0,-,-,-,-,-,-,,盤後
2021/3/25,TXO,202109,14800,賣權,-,-,-,-,0,590,59,-,-,-,-,,一般
2021/3/25,TXO,202109,14800,賣權,-,-,-,-,0,-,-,-,-,-,-,,盤後
2021/3/25,TXO,202109,15000,買權,-,-,-,-,0,1120,91,-,-,-,-,,一般
2021/3/25,TXO,202109,15000,買權,1110,1110,1110,1110,1,-,-,293,-,1520,225,,盤後
2021/3/25,TXO,202109,15000,賣權,655,655,655,655,4,655,83,600,670,1430,570,,一般
2021/3/25,TXO,202109,15000,賣權,690,690,690,690,1,-,-,555,785,1430,570,,盤後
2021/3/25,TXO,202109,15200,買權,-,-,-,-,0,995,61,-,-,-,-,,一般
2021/3/25,TXO,202109,15200,買權,-,-,-,-,0,-,-,-,-,-,-,,盤後
2021/3/25,TXO,202109,15200,賣權,-,-,-,-,0,735,33,-,-,-,-,,一般
2021/3/25,TXO,202109,15200,賣權,-,-,-,-,0,-,-,-,-,-,-,,盤後
2021/3/25,TXO,202109,15400,買權,-,-,-,-,0,880,70,-,-,-,-,,一般
2021/3/25,TXO,202109,15400,買權,-,-,-,-,0,-,-,-,-,-,-,,盤後
2021/3/25,TXO,202109,15400,賣權,-,-,-,-,0,815,47,-,-,-,-,,一般
2021/3/25,TXO,202109,15400,賣權,-,-,-,-,0,-,-,-,-,-,-,,盤後
2021/3/25,TXO,202109,15600,買權,-,-,-,-,0,775,17,-,-,-,-,,一般
2021/3/25,TXO,202109,15600,買權,-,-,-,-,0,-,-,-,-,-,-,,盤後
2021/3/25,TXO,202109,15600,賣權,-,-,-,-,0,910,22,-,-,-,-,,一般
2021/3/25,TXO,202109,15600,賣權,-,-,-,-,0,-,-,-,-,-,-,,盤後
2021/3/25,TXO,202109,15800,買權,-,-,-,-,0,675,64,-,-,-,-,,一般
2021/3/25,TXO,202109,15800,買權,-,-,-,-,0,-,-,-,-,-,-,,盤後
2021/3/25,TXO,202109,15800,賣權,-,-,-,-,0,1010,40,-,-,-,-,,一般
2021/3/25,TXO,202109,15800,賣權,-,-,-,-,0,-,-,-,-,-,-,,盤後
2021/3/25,TXO,202109,16000,買權,580,580,580,580,1,580,91,560,595,870,380,,一般
2021/3/25,TXO,202109,16000,買權,-,-,-,-,0,-,-,-,-,-,-,,盤後
2021/3/25,TXO,202109,16000,賣權,-,-,-,-,0,1110,20,-,-,-,-,,一般
2021/3/25,TXO,202109,16000,賣權,1150,1150,1150,1150,1,-,-,115,-,1580,1070,,盤後
2021/3/25,TXO,202109,16200,買權,-,-,-,-,0,499,152,-,-,-,-,,一般
2021/3/25,TXO,202109,16200,買權,-,-,-,-,0,-,-,-,-,-,-,,盤後
2021/3/25,TXO,202109,16200,賣權,-,-,-,-,0,1230,23,-,-,-,-,,一般
2021/3/25,TXO,202109,16200,賣權,-,-,-,-,0,-,-,-,-,-,-,,盤後
2021/3/25,TXO,202109,16400,買權,-,-,-,-,0,426,27,-,-,-,-,,一般
2021/3/25,TXO,202109,16400,買權,-,-,-,-,0,-,-,-,-,-,-,,盤後
2021/3/25,TXO,202109,16400,賣權,-,-,-,-,0,1360,46,-,-,-,-,,一般
2021/3/25,TXO,202109,16400,賣權,-,-,-,-,0,-,-,-,-,-,-,,盤後
2021/3/25,TXO,202109,16600,買權,-,-,-,-,0,360,62,-,-,-,-,,一般
2021/3/25,TXO,202109,16600,買權,-,-,-,-,0,-,-,-,-,-,-,,盤後
2021/3/25,TXO,202109,16600,賣權,-,-,-,-,0,1490,5,-,-,-,-,,一般
2021/3/25,TXO,202109,16600,賣權,-,-,-,-,0,-,-,-,-,-,-,,盤後
2021/3/25,TXO,202109,16800,買權,-,-,-,-,0,302,46,-,-,-,-,,一般
2021/3/25,TXO,202109,16800,買權,-,-,-,-,0,-,-,-,-,-,-,,盤後
2021/3/25,TXO,202109,16800,賣權,-,-,-,-,0,1630,13,-,-,-,-,,一般
2021/3/25,TXO,202109,16800,賣權,-,-,-,-,0,-,-,-,-,-,-,,盤後
2021/3/25,TXO,202109,17000,買權,240,255,240,250,15,250,51,239,269,540,41,,一般
2021/3/25,TXO,202109,17000,買權,-,-,-,-,0,-,-,-,-,-,-,,盤後
2021/3/25,TXO,202109,17000,賣權,-,-,-,-,0,1780,0,-,-,-,-,,一般
2021/3/25,TXO,202109,17000,賣權,-,-,-,-,0,-,-,-,-,-,-,,盤後
2021/3/25,TXO,202109,17200,買權,199,199,199,199,1,212,71,198,227,417,180,,一般
2021/3/25,TXO,202109,17200,買權,-,-,-,-,0,-,-,-,-,-,-,,盤後
2021/3/25,TXO,202109,17200,賣權,-,-,-,-,0,1940,0,-,-,-,-,,一般
2021/3/25,TXO,202109,17200,賣權,-,-,-,-,0,-,-,-,-,-,-,,盤後
2021/3/25,TXO,202109,17400,買權,179,179,170,170,21,180,84,163,191,360,20.5,,一般
2021/3/25,TXO,202109,17400,買權,-,-,-,-,0,-,-,-,-,-,-,,盤後
2021/3/25,TXO,202109,17400,賣權,-,-,-,-,0,2110,0,-,-,-,-,,一般
2021/3/25,TXO,202109,17400,賣權,-,-,-,-,0,-,-,-,-,-,-,,盤後
2021/3/25,TXO,202109,17600,買權,138,138,138,138,1,151,58,132,162,320,138,,一般
2021/3/25,TXO,202109,17600,買權,-,-,-,-,0,-,-,-,-,-,-,,盤後
2021/3/25,TXO,202109,17600,賣權,-,-,-,-,0,2280,0,-,-,-,-,,一般
2021/3/25,TXO,202109,17600,賣權,-,-,-,-,0,-,-,-,-,-,-,,盤後
2021/3/25,TXO,202109,17800,買權,128,128,118,125,22,125,160,109,264,291,44,,一般
2021/3/25,TXO,202109,17800,買權,-,-,-,-,0,-,-,-,-,-,-,,盤後
2021/3/25,TXO,202109,17800,賣權,-,-,-,-,0,2450,0,-,-,-,-,,一般
2021/3/25,TXO,202109,17800,賣權,-,-,-,-,0,-,-,-,-,-,-,,盤後
2021/3/25,TXO,202109,18000,買權,-,-,-,-,0,106,71,-,-,-,-,,一般
2021/3/25,TXO,202109,18000,買權,-,-,-,-,0,-,-,-,-,-,-,,盤後
2021/3/25,TXO,202109,18000,賣權,-,-,-,-,0,2630,0,-,-,-,-,,一般
2021/3/25,TXO,202109,18000,賣權,-,-,-,-,0,-,-,-,-,-,-,,盤後
2021/3/25,TXO,202109,18200,買權,88,88,88,88,2,88,41,74,103,211,42,,一般
2021/3/25,TXO,202109,18200,買權,-,-,-,-,0,-,-,-,-,-,-,,盤後
2021/3/25,TXO,202109,18200,賣權,-,-,-,-,0,2810,0,-,-,-,-,,一般
2021/3/25,TXO,202109,18200,賣權,-,-,-,-,0,-,-,-,-,-,-,,盤後
2021/3/25,TXO,202109,18400,買權,-,-,-,-,0,74,55,-,-,-,-,,一般
2021/3/25,TXO,202109,18400,買權,-,-,-,-,0,-,-,-,-,-,-,,盤後
2021/3/25,TXO,202109,18400,賣權,-,-,-,-,0,3000,0,-,-,-,-,,一般
2021/3/25,TXO,202109,18400,賣權,-,-,-,-,0,-,-,-,-,-,-,,盤後
2021/3/25,TXO,202109,18600,買權,-,-,-,-,0,61,33,-,-,-,-,,一般
2021/3/25,TXO,202109,18600,買權,-,-,-,-,0,-,-,-,-,-,-,,盤後
2021/3/25,TXO,202109,18600,賣權,-,-,-,-,0,3190,0,-,-,-,-,,一般
2021/3/25,TXO,202109,18600,賣權,-,-,-,-,0,-,-,-,-,-,-,,盤後
2021/3/25,TXO,202109,18800,買權,-,-,-,-,0,51,5,-,-,-,-,,一般
2021/3/25,TXO,202109,18800,買權,-,-,-,-,0,-,-,-,-,-,-,,盤後
2021/3/25,TXO,202109,18800,賣權,-,-,-,-,0,3380,0,-,-,-,-,,一般
2021/3/25,TXO,202109,18800,賣權,-,-,-,-,0,-,-,-,-,-,-,,盤後
2021/3/25,TXO,202109,19000,買權,39.5,41.5,39.5,39.5,9,42.5,13,41.5,50,119,39.5,,一般
2021/3/25,TXO,202109,19000,買權,-,-,-,-,0,-,-,-,-,-,-,,盤後
2021/3/25,TXO,202109,19000,賣權,-,-,-,-,0,3570,0,-,-,-,-,,一般
2021/3/25,TXO,202109,19000,賣權,-,-,-,-,0,-,-,-,-,-,-,,盤後
2021/3/25,TXO,202109,19200,買權,35,35,35,35,2,35,24,30,55,96,35,,一般
2021/3/25,TXO,202109,19200,買權,-,-,-,-,0,-,-,-,-,-,-,,盤後
2021/3/25,TXO,202109,19200,賣權,-,-,-,-,0,3760,0,-,-,-,-,,一般
2021/3/25,TXO,202109,19200,賣權,-,-,-,-,0,-,-,-,-,-,-,,盤後
2021/3/25,TXO,202109,19400,買權,-,-,-,-,0,32.5,41,-,-,-,-,,一般
2021/3/25,TXO,202109,19400,買權,-,-,-,-,0,-,-,-,-,-,-,,盤後
2021/3/25,TXO,202109,19400,賣權,-,-,-,-,0,3950,0,-,-,-,-,,一般
2021/3/25,TXO,202109,19400,賣權,-,-,-,-,0,-,-,-,-,-,-,,盤後
2021/3/25,TXO,202109,19600,買權,-,-,-,-,0,30.5,4,-,-,-,-,,一般
2021/3/25,TXO,202109,19600,買權,-,-,-,-,0,-,-,-,-,-,-,,盤後
2021/3/25,TXO,202109,19600,賣權,-,-,-,-,0,4150,0,-,-,-,-,,一般
2021/3/25,TXO,202109,19600,賣權,-,-,-,-,0,-,-,-,-,-,-,,盤後
2021/3/25,TXO,202109,19800,買權,29.5,29.5,28,28,34,28,340,18.5,30,80,27.5,,一般
2021/3/25,TXO,202109,19800,買權,-,-,-,-,0,-,-,-,-,-,-,,盤後
2021/3/25,TXO,202109,19800,賣權,-,-,-,-,0,4350,0,-,-,-,-,,一般
2021/3/25,TXO,202109,19800,賣權,-,-,-,-,0,-,-,-,-,-,-,,盤後
2021/3/25,TXO,202112,12800,買權,-,-,-,-,0,2780,0,-,-,-,-,,一般
2021/3/25,TXO,202112,12800,買權,-,-,-,-,0,-,-,-,-,-,-,,盤後
2021/3/25,TXO,202112,12800,賣權,318,318,318,318,2,318,103,303,335,340,273,,一般
2021/3/25,TXO,202112,12800,賣權,304,311,304,311,2,-,-,305,350,340,273,,盤後
2021/3/25,TXO,202112,13000,買權,-,-,-,-,0,2610,0,-,-,-,-,,一般
2021/3/25,TXO,202112,13000,買權,-,-,-,-,0,-,-,-,-,-,-,,盤後
2021/3/25,TXO,202112,13000,賣權,350,350,350,350,1,350,13,210,360,372,315,,一般
2021/3/25,TXO,202112,13000,賣權,350,370,350,370,2,-,-,155,990,372,315,,盤後
2021/3/25,TXO,202112,13200,買權,-,-,-,-,0,2450,0,-,-,-,-,,一般
2021/3/25,TXO,202112,13200,買權,-,-,-,-,0,-,-,-,-,-,-,,盤後
2021/3/25,TXO,202112,13200,賣權,-,-,-,-,0,389,6,-,-,-,-,,一般
2021/3/25,TXO,202112,13200,賣權,-,-,-,-,0,-,-,-,-,-,-,,盤後
2021/3/25,TXO,202112,13400,買權,-,-,-,-,0,2290,0,-,-,-,-,,一般
2021/3/25,TXO,202112,13400,買權,-,-,-,-,0,-,-,-,-,-,-,,盤後
2021/3/25,TXO,202112,13400,賣權,-,-,-,-,0,432,0,-,-,-,-,,一般
2021/3/25,TXO,202112,13400,賣權,-,-,-,-,0,-,-,-,-,-,-,,盤後
2021/3/25,TXO,202112,13600,買權,-,-,-,-,0,2140,0,-,-,-,-,,一般
2021/3/25,TXO,202112,13600,買權,-,-,-,-,0,-,-,-,-,-,-,,盤後
2021/3/25,TXO,202112,13600,賣權,-,-,-,-,0,478,1,-,-,-,-,,一般
2021/3/25,TXO,202112,13600,賣權,-,-,-,-,0,-,-,-,-,-,-,,盤後
2021/3/25,TXO,202112,13800,買權,-,-,-,-,0,1990,0,-,-,-,-,,一般
2021/3/25,TXO,202112,13800,買權,-,-,-,-,0,-,-,-,-,-,-,,盤後
2021/3/25,TXO,202112,13800,賣權,-,-,-,-,0,530,12,-,-,-,-,,一般
2021/3/25,TXO,202112,13800,賣權,-,-,-,-,0,-,-,-,-,-,-,,盤後
2021/3/25,TXO,202112,14000,買權,-,-,-,-,0,1850,2,-,-,-,-,,一般
2021/3/25,TXO,202112,14000,買權,-,-,-,-,0,-,-,-,-,-,-,,盤後
2021/3/25,TXO,202112,14000,賣權,-,-,-,-,0,585,4,-,-,-,-,,一般
2021/3/25,TXO,202112,14000,賣權,-,-,-,-,0,-,-,-,-,-,-,,盤後
2021/3/25,TXO,202112,14200,買權,-,-,-,-,0,1710,4,-,-,-,-,,一般
2021/3/25,TXO,202112,14200,買權,-,-,-,-,0,-,-,-,-,-,-,,盤後
2021/3/25,TXO,202112,14200,賣權,-,-,-,-,0,640,0,-,-,-,-,,一般
2021/3/25,TXO,202112,14200,賣權,-,-,-,-,0,-,-,-,-,-,-,,盤後
2021/3/25,TXO,202112,14400,買權,-,-,-,-,0,1570,0,-,-,-,-,,一般
2021/3/25,TXO,202112,14400,買權,-,-,-,-,0,-,-,-,-,-,-,,盤後
2021/3/25,TXO,202112,14400,賣權,730,730,730,730,5,705,0,680,705,730,660,,一般
2021/3/25,TXO,202112,14400,賣權,-,-,-,-,0,-,-,-,-,-,-,,盤後
2021/3/25,TXO,202112,14600,買權,-,-,-,-,0,1430,0,-,-,-,-,,一般
2021/3/25,TXO,202112,14600,買權,-,-,-,-,0,-,-,-,-,-,-,,盤後
2021/3/25,TXO,202112,14600,賣權,760,760,760,760,1,760,12,730,775,760,695,,一般
2021/3/25,TXO,202112,14600,賣權,-,-,-,-,0,-,-,-,-,-,-,,盤後
2021/3/25,TXO,202112,14800,買權,-,-,-,-,0,1310,1,-,-,-,-,,一般
2021/3/25,TXO,202112,14800,買權,-,-,-,-,0,-,-,-,-,-,-,,盤後
2021/3/25,TXO,202112,14800,賣權,-,-,-,-,0,835,0,-,-,-,-,,一般
2021/3/25,TXO,202112,14800,賣權,-,-,-,-,0,-,-,-,-,-,-,,盤後
2021/3/25,TXO,202112,15000,買權,-,-,-,-,0,1190,11,-,-,-,-,,一般
2021/3/25,TXO,202112,15000,買權,1150,1150,1150,1150,5,-,-,0.6,-,1350,1150,,盤後
2021/3/25,TXO,202112,15000,賣權,-,-,-,-,0,920,11,-,-,-,-,,一般
2021/3/25,TXO,202112,15000,賣權,-,-,-,-,0,-,-,-,-,-,-,,盤後
2021/3/25,TXO,202112,15200,買權,-,-,-,-,0,1080,11,-,-,-,-,,一般
2021/3/25,TXO,202112,15200,買權,1040,1040,1040,1040,5,-,-,0.6,-,1240,1040,,盤後
2021/3/25,TXO,202112,15200,賣權,-,-,-,-,0,1010,1,-,-,-,-,,一般
2021/3/25,TXO,202112,15200,賣權,-,-,-,-,0,-,-,-,-,-,-,,盤後
2021/3/25,TXO,202112,15400,買權,-,-,-,-,0,975,12,-,-,-,-,,一般
2021/3/25,TXO,202112,15400,買權,950,950,940,940,6,-,-,645,-,1100,925,,盤後
2021/3/25,TXO,202112,15400,賣權,-,-,-,-,0,1100,22,-,-,-,-,,一般
2021/3/25,TXO,202112,15400,賣權,-,-,-,-,0,-,-,-,-,-,-,,盤後
2021/3/25,TXO,202112,15600,買權,-,-,-,-,0,880,3,-,-,-,-,,一般
2021/3/25,TXO,202112,15600,買權,-,-,-,-,0,-,-,-,-,-,-,,盤後
2021/3/25,TXO,202112,15600,賣權,-,-,-,-,0,1200,11,-,-,-,-,,一般
2021/3/25,TXO,202112,15600,賣權,-,-,-,-,0,-,-,-,-,-,-,,盤後
2021/3/25,TXO,202112,15800,買權,-,-,-,-,0,785,2,-,-,-,-,,一般
2021/3/25,TXO,202112,15800,買權,-,-,-,-,0,-,-,-,-,-,-,,盤後
2021/3/25,TXO,202112,15800,賣權,-,-,-,-,0,1310,0,-,-,-,-,,一般
2021/3/25,TXO,202112,15800,賣權,-,-,-,-,0,-,-,-,-,-,-,,盤後
2021/3/25,TXO,202112,16000,買權,655,700,645,700,3,700,14,665,720,780,645,,一般
2021/3/25,TXO,202112,16000,買權,-,-,-,-,0,-,-,-,-,-,-,,盤後
2021/3/25,TXO,202112,16000,賣權,-,-,-,-,0,1420,1,-,-,-,-,,一般
2021/3/25,TXO,202112,16000,賣權,1450,1450,1450,1450,1,-,-,1,-,1450,1450,,盤後
2021/3/25,TXO,202112,16200,買權,-,-,-,-,0,620,4,-,-,-,-,,一般
2021/3/25,TXO,202112,16200,買權,-,-,-,-,0,-,-,-,-,-,-,,盤後
2021/3/25,TXO,202112,16200,賣權,-,-,-,-,0,1540,0,-,-,-,-,,一般
2021/3/25,TXO,202112,16200,賣權,-,-,-,-,0,-,-,-,-,-,-,,盤後
2021/3/25,TXO,202112,16400,買權,-,-,-,-,0,545,6,-,-,-,-,,一般
2021/3/25,TXO,202112,16400,買權,-,-,-,-,0,-,-,-,-,-,-,,盤後
2021/3/25,TXO,202112,16400,賣權,-,-,-,-,0,1670,0,-,-,-,-,,一般
2021/3/25,TXO,202112,16400,賣權,-,-,-,-,0,-,-,-,-,-,-,,盤後
2021/3/25,TXO,202112,16600,買權,-,-,-,-,0,477,0,-,-,-,-,,一般
2021/3/25,TXO,202112,16600,買權,-,-,-,-,0,-,-,-,-,-,-,,盤後
2021/3/25,TXO,202112,16600,賣權,-,-,-,-,0,1800,0,-,-,-,-,,一般
2021/3/25,TXO,202112,16600,賣權,-,-,-,-,0,-,-,-,-,-,-,,盤後
2021/3/25,TXO,202112,16800,買權,382,415,382,415,2,415,15,389,430,520,382,,一般
2021/3/25,TXO,202112,16800,買權,403,403,403,403,1,-,-,391,-,520,403,,盤後
2021/3/25,TXO,202112,16800,賣權,-,-,-,-,0,1930,0,-,-,-,-,,一般
2021/3/25,TXO,202112,16800,賣權,-,-,-,-,0,-,-,-,-,-,-,,盤後
2021/3/25,TXO,202112,17000,買權,-,-,-,-,0,364,2,-,-,-,-,,一般
2021/3/25,TXO,202112,17000,買權,-,-,-,-,0,-,-,-,-,-,-,,盤後
2021/3/25,TXO,202112,17000,賣權,-,-,-,-,0,2080,0,-,-,-,-,,一般
2021/3/25,TXO,202112,17000,賣權,-,-,-,-,0,-,-,-,-,-,-,,盤後
2021/3/25,TXO,202112,17200,買權,-,-,-,-,0,317,1,-,-,-,-,,一般
2021/3/25,TXO,202112,17200,買權,-,-,-,-,0,-,-,-,-,-,-,,盤後
2021/3/25,TXO,202112,17200,賣權,-,-,-,-,0,2230,0,-,-,-,-,,一般
2021/3/25,TXO,202112,17200,賣權,-,-,-,-,0,-,-,-,-,-,-,,盤後
2021/3/25,TXO,202112,17400,買權,-,-,-,-,0,275,1,-,-,-,-,,一般
2021/3/25,TXO,202112,17400,買權,-,-,-,-,0,-,-,-,-,-,-,,盤後
2021/3/25,TXO,202112,17400,賣權,-,-,-,-,0,2390,0,-,-,-,-,,一般
2021/3/25,TXO,202112,17400,賣權,-,-,-,-,0,-,-,-,-,-,-,,盤後
2021/3/25,TXO,202112,17600,買權,-,-,-,-,0,238,2,-,-,-,-,,一般
2021/3/25,TXO,202112,17600,買權,-,-,-,-,0,-,-,-,-,-,-,,盤後
2021/3/25,TXO,202112,17600,賣權,-,-,-,-,0,2550,10,-,-,-,-,,一般
2021/3/25,TXO,202112,17600,賣權,-,-,-,-,0,-,-,-,-,-,-,,盤後
2021/3/25,TXO,202112,17800,買權,-,-,-,-,0,205,8,-,-,-,-,,一般
2021/3/25,TXO,202112,17800,買權,-,-,-,-,0,-,-,-,-,-,-,,盤後
2021/3/25,TXO,202112,17800,賣權,-,-,-,-,0,2720,0,-,-,-,-,,一般
2021/3/25,TXO,202112,17800,賣權,-,-,-,-,0,-,-,-,-,-,-,,盤後
2021/3/25,TXO,202112,18000,買權,162,175,162,175,4,175,15,161,178,234,162,,一般
2021/3/25,TXO,202112,18000,買權,-,-,-,-,0,-,-,-,-,-,-,,盤後
2021/3/25,TXO,202112,18000,賣權,-,-,-,-,0,2890,0,-,-,-,-,,一般
2021/3/25,TXO,202112,18000,賣權,-,-,-,-,0,-,-,-,-,-,-,,盤後
2021/3/25,TXO,202112,18200,買權,-,-,-,-,0,153,20,-,-,-,-,,一般
2021/3/25,TXO,202112,18200,買權,-,-,-,-,0,-,-,-,-,-,-,,盤後
2021/3/25,TXO,202112,18200,賣權,-,-,-,-,0,3060,0,-,-,-,-,,一般
2021/3/25,TXO,202112,18200,賣權,-,-,-,-,0,-,-,-,-,-,-,,盤後
2021/3/25,TXO,202112,18400,買權,-,-,-,-,0,134,12,-,-,-,-,,一般
2021/3/25,TXO,202112,18400,買權,-,-,-,-,0,-,-,-,-,-,-,,盤後
2021/3/25,TXO,202112,18400,賣權,-,-,-,-,0,3240,0,-,-,-,-,,一般
2021/3/25,TXO,202112,18400,賣權,-,-,-,-,0,-,-,-,-,-,-,,盤後
2021/3/25,TXO,202112,18600,買權,-,-,-,-,0,117,0,-,-,-,-,,一般
2021/3/25,TXO,202112,18600,買權,-,-,-,-,0,-,-,-,-,-,-,,盤後
2021/3/25,TXO,202112,18600,賣權,-,-,-,-,0,3420,0,-,-,-,-,,一般
2021/3/25,TXO,202112,18600,賣權,-,-,-,-,0,-,-,-,-,-,-,,盤後
2021/3/25,TXO,202112,18800,買權,-,-,-,-,0,102,1,-,-,-,-,,一般
2021/3/25,TXO,202112,18800,買權,-,-,-,-,0,-,-,-,-,-,-,,盤後
2021/3/25,TXO,202112,18800,賣權,-,-,-,-,0,3610,0,-,-,-,-,,一般
2021/3/25,TXO,202112,18800,賣權,-,-,-,-,0,-,-,-,-,-,-,,盤後
2021/3/25,TXO,202112,19000,買權,89,89,89,89,1,89,1,77,108,89,89,,一般
2021/3/25,TXO,202112,19000,買權,-,-,-,-,0,-,-,-,-,-,-,,盤後
2021/3/25,TXO,202112,19000,賣權,-,-,-,-,0,3790,0,-,-,-,-,,一般
2021/3/25,TXO,202112,19000,賣權,-,-,-,-,0,-,-,-,-,-,-,,盤後
2021/3/25,TXO,202112,19200,買權,-,-,-,-,0,79,0,-,-,-,-,,一般
2021/3/25,TXO,202112,19200,買權,-,-,-,-,0,-,-,-,-,-,-,,盤後
2021/3/25,TXO,202112,19200,賣權,-,-,-,-,0,3980,0,-,-,-,-,,一般
2021/3/25,TXO,202112,19200,賣權,-,-,-,-,0,-,-,-,-,-,-,,盤後
2021/3/25,TXO,202112,19400,買權,-,-,-,-,0,71,0,-,-,-,-,,一般
2021/3/25,TXO,202112,19400,買權,-,-,-,-,0,-,-,-,-,-,-,,盤後
2021/3/25,TXO,202112,19400,賣權,-,-,-,-,0,4170,0,-,-,-,-,,一般
2021/3/25,TXO,202112,19400,賣權,-,-,-,-,0,-,-,-,-,-,-,,盤後
2021/3/25,TXO,202112,19600,買權,63,63,63,63,1,63,12,51,70,89,49,,一般
2021/3/25,TXO,202112,19600,買權,-,-,-,-,0,-,-,-,-,-,-,,盤後
2021/3/25,TXO,202112,19600,賣權,-,-,-,-,0,4360,0,-,-,-,-,,一般
2021/3/25,TXO,202112,19600,賣權,-,-,-,-,0,-,-,-,-,-,-,,盤後
